espvida;fectot;mort5;razdep;e_anosestudo;gini;rdpc;emp;t_ativ;t_des;trabcc;trabpub;trabsc;t_agua;t_dens;t_lixo;t_luz;agua_esgoto;t_sluz;homemtot;mulhertot;pea;pia;pop;popt;investimento;idhm
73,74;1,66;18,05;44,66;9,37;0,45;485,35;3,28;48,57;1,84;14,6;8,23;14,72;91,73;13,95;100;100;10,77;0;1382;1271;1116;2298;2633;2633;1;0,694
76,1;2,25;14,16;51,45;9,86;0,53;562,88;1,52;63,76;3,47;34,75;4,55;14,69;91,32;21,54;95,55;99,18;3,38;0,82;8628;8472;9052;14197;17016;16555;1;0,696
74,63;1,79;16,51;43,78;10,65;0,36;739,1;2,97;71,56;2,22;53,69;1,99;9;93,11;10,11;99,62;100;0,3;0;4699;4624;5720;7994;9311;9297;1;0,725
78,06;2,03;11,33;44,37;8,5;0,47;985,65;2,1;73,21;1,52;38,97;3,94;3,03;88,94;15,19;97,88;100;0,47;0;2497;2407;3069;4191;4869;4860;0;0,741
74,2;2,25;17,25;52,69;10,43;0,54;722,21;2,23;65,93;2,34;38,97;5,96;12,53;88,88;15,57;99,85;99,29;0,39;0,71;3554;3407;3869;5868;6940;6920;1;0,698
73,66;2,66;18,2;41,76;10,51;0,44;673,13;1,31;66,32;3,4;37,02;4,2;8,83;90,86;14,21;96,24;99,5;2,37;0,5;3124;2986;3521;5310;5950;5892;1;0,713
76,61;1,43;13,37;44,29;11,91;0,38;743,13;1,32;69,06;4,2;25,89;6,04;11,13;88,67;7,56;98,18;99,28;1,23;0,72;1279;1145;1465;2121;2420;2420;0;0,745
76,15;1,36;14,08;41,57;10,29;0,34;754,54;1,07;76,59;1,42;32,66;5,39;12,31;58,93;5,08;99,79;99,95;3,35;0,05;2810;2738;3774;4927;5494;5484;1;0,723
77,9;2,05;11,54;43,07;10,04;0,46;630,54;1,96;66,51;2,02;22,62;5,68;9,81;66,68;9,45;98,56;99,96;3,95;0,04;4784;4626;5366;8067;9389;9100;1;0,668
77,93;1,65;11,5;47,1;10,72;0,46;770,49;0,72;71,63;2,56;27,45;1,7;6,73;89,53;11,15;100;99,8;1,3;0,2;1005;1000;1273;1777;2005;1979;0;0,755
73,01;2,09;19,38;47,99;11,77;0,44;636,15;3,47;72,26;3,06;20,97;5,91;21,48;92,97;18,07;100;99,74;1,09;0,26;3231;3149;3967;5490;6361;6361;1;0,699
72,82;1,56;19,73;47,14;10,95;0,47;618,55;3,76;67,56;0,78;23,01;6,93;8,17;69,37;8,4;100;99,61;5,53;0,39;2765;2485;3124;4624;5183;5111;1;0,687
74,53;1,66;16,68;51,08;9,45;0,5;506,94;1,86;64,41;2,6;27,3;9,58;11,97;84,57;10,33;98,67;99,67;2,24;0,33;4340;4283;4790;7437;8599;8525;1;0,688
75,17;2,06;15,62;47,57;7,44;0,44;620,8;0;71,61;0,32;23,4;2,5;14,56;81,12;8,06;100;99,61;0;0,39;1675;1539;1990;2779;3214;3194;1;0,674
78,4;1,62;10,86;42,22;10,55;0,43;952,53;1,66;66,29;1,31;37,62;4,5;7,99;71,49;6,42;100;100;0,79;0;3757;3701;4291;6474;7430;7430;0;0,749
74,61;1,93;16,54;44,15;10,23;0,39;776,69;2,78;75,22;1,17;52,7;4,28;5,39;78,17;11,01;97,8;99,89;0,55;0,11;4866;4734;6189;8228;9564;9522;1;0,708
76,75;1,58;13,18;45,89;10,73;0,45;820,78;2,49;81,95;2,29;22,1;4,36;8,28;78,79;7,21;99,08;99,9;0,66;0,1;2133;2060;3027;3694;4184;4070;0;0,733
74,82;2,13;16,2;49,11;9,48;0,4;609,76;2,04;62,81;4,99;65,45;1,35;9,27;96,64;25,7;98,01;99,5;2,05;0,5;12648;12162;12696;20214;24751;24686;1;0,703
76,17;2;14,04;41,73;11,04;0,45;827,2;4,01;66,33;4,26;49,77;3,98;15,64;97,1;12,42;99,57;99,97;1,92;0,03;30138;31172;34841;52530;60793;60722;0;0,760
77,92;2,01;11,52;43,65;10,88;0,44;814,95;4,22;70,55;1,25;47,74;1,56;11,97;82,27;9,96;99,03;100;0,18;0;3924;3829;4753;6738;7735;7735;0;0,770
77,38;1,49;12,27;38,16;9,56;0,45;1029,14;3,39;70,6;2,32;40,22;5,52;11,91;83,27;4,16;99,89;99,93;0,23;0,07;1747;1755;2225;3152;3492;3483;0;0,764
75,5;1,88;15,09;42,46;12,01;0,36;675,6;1,22;82,57;0,89;20,11;8,37;12,34;79,17;14,43;100;99,92;1,43;0,08;1229;1031;1623;1965;2246;2219;1;0,715
77,08;1,69;12,7;40,08;10,12;0,35;793,09;2,35;66,31;1,37;68,78;2,96;4,3;95,04;10,17;99,56;100;0;0;3680;3732;4293;6474;7384;7384;0;0,742
73,1;1,55;19,2;42,12;8,77;0,44;781,32;3,24;73,34;0,1;34,47;2,33;6,18;90,91;5,42;98,83;100;0,19;0;1661;1639;2113;2882;3284;3279;0;0,733
77,21;1,75;12,5;44,91;11,02;0,4;841,85;0,42;72,72;1,1;25,98;2,43;12,62;72,13;11,21;98,66;99,91;0,29;0,09;2824;2725;3494;4804;5547;5489;0;0,733
76,49;2,14;13,55;45,73;10,1;0,53;866,42;2,01;55,54;6,81;37,81;4,07;13,9;99,61;15,35;99,9;99,94;0;0,06;4743;4843;4584;8254;9553;9553;0;0,746
78,62;1,31;10,25;34,68;10,47;0,52;1625,59;5,98;66,88;4,94;51,69;4,42;10,01;99,03;14,8;99,94;100;0,01;0;51393;56696;64289;96124;107149;107149;0;0,845
75,64;2,55;14,86;50,91;9,81;0,41;676,33;3,28;48,2;4,86;32,45;7,36;16,45;98,93;13,49;99,61;99,53;0,22;0,47;4172;4258;3541;7345;8421;8417;1;0,716
75,62;2,12;14,9;49,33;10,26;0,47;768,73;3,99;58,25;5,68;32,17;7,11;17,93;98,65;11,34;99,31;100;0,08;0;4092;4142;4119;7070;8177;8171;1;0,728
72,68;2,48;20;48,87;9,14;0,4;534,25;0,55;64,7;1,12;24,72;0,59;20,02;90,43;20,56;89,33;99,78;2,06;0,22;1535;1371;1650;2550;2901;2887;1;0,672
74,79;1,88;16,24;49,76;11,28;0,4;594,28;0;71,09;0;13,67;4,58;10,3;93,93;12,26;100;100;3,02;0;976;902;1166;1641;1872;1870;1;0,701
76,42;2,36;13,66;48,73;9,99;0,44;773,05;3,33;57,49;5,76;44,16;4,03;13,7;98,63;18,24;98,8;99,67;1,97;0,33;11103;11283;10940;19031;22307;22307;0;0,738
74,58;2,03;16,59;47,3;11,14;0,46;389,28;0,36;58,99;1,83;17,1;0,65;16,47;96,55;18,85;82,64;99,79;5,35;0,21;3104;2900;2982;5055;5982;5638;1;0,675
74,17;1,94;17,29;47,87;11,28;0,45;620,67;1,22;74,68;2,41;18,5;7,78;12,73;89,38;23,13;93,77;100;1,26;0;1358;1277;1694;2268;2613;2613;1;0,705
77,08;1,71;12,7;42,43;9,44;0,36;717,89;1,08;66,87;1,54;65,16;1,31;7,64;82,42;9,68;97,78;100;0,11;0;5280;5056;5999;8972;10313;10313;0;0,740
75,17;1,69;15,62;40,66;10,07;0,39;764,37;1,58;61,88;3,93;60,06;5,17;13,04;85,61;16,81;99,57;99,68;0,07;0,32;28665;29541;30856;49863;58014;58014;0;0,739
78,64;1,47;10,08;35,53;9,97;0,46;1253,17;3,67;68,74;2,92;68,19;3,18;6,18;97,89;11,6;99,88;99,97;0,5;0,03;151542;157469;186376;271115;306393;306361;0;0,806
71,05;2,56;23,25;47,6;8,37;0,41;434,87;1,59;54,89;2,89;20,86;14,59;18,78;70,54;7,73;97,32;97,74;4,53;2,26;1700;1590;1557;2835;3280;3255;1;0,647
76,86;2,03;13,01;40,13;10,44;0,44;865,15;5,37;63,64;5,51;42,09;7,28;17,01;93,26;14,67;100;99,86;0;0,14;7194;7099;7798;12253;13975;13975;0;0,781
75,12;2,17;15,7;47,38;9,59;0,57;665,6;2,28;54,25;4,53;35,76;8,29;20,28;79,2;8,65;99,42;99,93;0,07;0,07;2253;2142;2059;3795;4368;4325;1;0,696
74,59;2,08;16,57;44,92;8;0,55;798,97;0,38;60,54;2,79;48,76;1,88;11,6;94,13;14,1;99,29;99,64;13,13;0,36;1253;1273;1319;2178;2522;2512;1;0,718
74,82;1,89;16,19;45,73;10,33;0,39;728,09;2,01;81,69;1,2;11,05;7,56;5,09;95,68;6,07;100;100;0,16;0;1078;1054;1520;1860;2130;2130;1;0,712
77,13;2,38;12,62;51,41;9,05;0,46;638,85;2,28;65,99;4;42,96;6,07;18,56;90,47;13,19;97,21;99,07;0;0,93;4513;4429;4936;7479;8877;8874;1;0,699
75,87;1,38;14,5;36,71;10,53;0,28;805,77;2,67;73,15;2,02;56,91;1,06;5,6;82,96;7,69;100;100;0;0;2278;2190;2919;3991;4451;4449;1;0,724
77,83;1,82;11,64;40,74;10,74;0,41;831,77;3,97;70,41;2,81;58,68;1,41;12,03;94,72;8,81;98,72;100;1,3;0;14533;14485;17532;24899;28879;28879;0;0,778
77,99;2,08;11,42;44,04;10,49;0,36;941,12;1,75;74,56;1,29;50,63;3,31;7,99;94,91;8;100;100;0;0;1765;1692;2210;2964;3371;3371;0;0,780
74,12;1,94;17,38;50;10,21;0,47;446,48;0,62;61,75;3,43;19,18;5,66;13,09;80,11;9,49;98,89;98,8;0,33;1,2;1452;1398;1509;2444;2850;2796;1;0,661
78,64;1,48;10,08;34,34;10,18;0,4;1116,93;3,94;70,04;2,13;69,35;1,26;6,07;96,33;11,54;99,66;99,92;0,18;0,08;52400;53103;64626;92264;104887;104887;0;0,795
77,65;2,35;11,89;46,25;9,83;0,48;744,28;2,57;60,42;5,82;66,11;4,56;8,59;95,77;17,64;99,42;99,69;0,57;0,31;35040;35722;36017;59611;70361;70094;0;0,735
74,82;1,56;16,2;43,06;9,46;0,44;783,57;2,44;74,69;1,23;29,41;2,42;14,22;82,92;8,34;96,07;99,74;0,36;0,26;3142;3077;4078;5460;6153;6110;1;0,728
71,75;3,32;21,8;62,55;9,72;0,42;373,86;1,39;60,11;2,92;43,04;12,16;16,5;89,64;32,08;99,44;99,05;3,9;0,95;1749;1638;1615;2687;3387;3378;1;0,622
76,98;1,99;12,84;43,92;9,15;0,4;781,76;2,45;65,41;4,32;61,09;3,42;11,47;97,15;26,21;99,86;100;0,28;0;31159;31202;34084;52109;62149;62149;1;0,726
72,74;2,29;19,89;50,85;9,37;0,51;550,84;1,1;63,39;5,08;36,4;7,8;16,35;73,38;12,96;98,61;99,78;0,35;0,22;1431;1322;1511;2383;2753;2706;1;0,654
75,69;1,81;14,79;48,1;9,35;0,41;539,9;1,82;64,64;4,11;45,12;2,79;16,37;90,15;15,99;99,51;99,95;1,04;0,05;5970;5778;6448;9976;11683;11630;1;0,714
71,05;2,05;23,25;49,93;8,95;0,46;450,29;1,19;62,56;3,31;26,6;4,15;25,17;89,37;12,49;99,73;97,61;2,14;2,39;3850;3633;3982;6366;7418;7392;1;0,641
72,21;2,16;20,91;52,33;11,37;0,51;631,08;3,13;66,41;5,02;24,7;11,12;19,19;93,27;16,57;95,6;98,42;5,1;1,58;4686;4684;5234;7881;9319;9276;1;0,690
76,64;2,13;13,34;46,2;10,03;0,46;708,77;4,64;61,26;4,67;48,1;6,42;16,12;95,59;15,06;99,36;99,92;1,69;0,08;16257;16567;17073;27869;32596;32504;0;0,742
76,89;2;12,97;44,87;8,3;0,44;721,27;1,22;55,17;1,53;55,82;2,07;13,67;89,19;18,42;98,43;100;0;0;5372;5231;4941;8957;10584;10471;1;0,697
77,42;2,04;12,21;44,95;10,65;0,49;692,87;2,69;58,01;5,19;51,14;2,91;13,57;96,01;15,61;98,81;99,37;1,19;0,63;26044;26721;26090;44973;52405;52266;0;0,757
77,11;1,87;12,65;41,54;9,27;0,45;811,66;2,3;65,08;4,24;66,19;2,33;10,3;94,93;8,05;99,77;99,98;0,51;0,02;10233;10536;11590;17809;20648;20628;0;0,752
77,19;1,69;12,54;40,25;9,32;0,36;723,04;1,46;60,5;4,48;63,1;6,88;11,55;97,86;14,08;99,81;100;0;0;10499;11175;11318;18709;21618;21618;0;0,767
73,38;2,23;18,7;45,43;9,49;0,47;717,59;3,48;61,25;4,05;60,78;3,61;14,63;96,75;16,93;99,04;99,58;0,63;0,42;4763;4792;4952;8085;9517;9512;1;0,714
77,21;1,83;12,51;44,62;8,5;0,5;730,36;0,35;75,49;1,99;23,07;3,71;19,55;82,22;15,86;99,21;98,44;1,66;1,56;2219;2192;2929;3881;4411;4366;1;0,691
74,53;1,66;16,68;45,08;9,79;0,39;458,62;1,82;57,81;0,14;19,72;14,47;9,34;90,49;11,23;100;99,77;0;0,23;1395;1376;1395;2413;2767;2763;1;0,719
74,75;2,05;16,3;52,45;7,86;0,55;414,6;1,02;63,42;3,59;14,02;7,45;14,4;82,64;7,95;97,82;100;4,38;0;1873;1708;1947;3070;3573;3492;1;0,621
74,95;2,07;15,99;49,95;9,92;0,43;549,08;0,08;76,88;0;10,52;6,27;6,59;69,62;11,07;96,37;100;0,26;0;1425;1337;1779;2315;2754;2706;1;0,704
77,25;1,82;12,45;38,73;10,75;0,48;1017,34;3,87;69,65;4,78;62,68;4,84;9,06;92,46;11,67;99,65;99,75;0,65;0,25;90626;92904;110006;157949;181705;181670;0;0,790
76,52;1,34;13,51;33,83;10,25;0,37;833,24;4,36;63,63;4,88;62,35;1,81;11;98,49;9,36;99,82;100;1,07;0;7523;7636;8511;13376;15155;15155;0;0,780
77,33;1,51;12,34;39,69;10,46;0,46;1009,49;4,17;69,76;2,96;54,44;3,09;8,77;95,97;7,65;99,72;99,72;0,26;0,28;33771;34850;41928;60101;68285;68171;0;0,800
76,32;1,39;13,81;35,5;10,51;0,39;773,44;2,65;69,51;3,69;47,16;4,91;7,7;59,21;9,05;85,8;100;0,21;0;1921;1846;2310;3324;3765;3765;0;0,747
76,59;1,71;13,41;40,73;11,73;0,4;759,01;0,38;68,59;2,15;40,5;2,02;12,08;92,68;9,55;97,88;99,62;4,01;0,38;5189;5024;6154;8972;10192;10187;0;0,744
73,93;1,89;17,71;46,57;11,93;0,44;543,22;0,26;58,39;1,55;19,04;5,29;13,66;79,27;10;99,14;98,33;3,1;1,67;1262;1196;1259;2157;2455;2396;1;0,696
77,39;1,8;12,25;42,7;10,29;0,46;951,63;2,14;65,04;2,5;57,7;0,32;9,91;91,85;9,88;99,12;99,9;3,18;0,1;7002;6850;7786;11972;13808;13793;0;0,780
73,21;2,09;19;46,84;9,84;0,49;628,18;1,46;54,59;8,76;52,11;4,58;14,27;94,66;13,1;98,72;99,55;0,22;0,45;7376;7409;6865;12575;14557;14517;1;0,702
75,76;1,42;14,48;36,87;10,49;0,48;1062,53;4,55;64,74;4,86;61,34;3,15;11,9;97,84;11,49;99,56;99,98;0,34;0,02;94607;97701;108388;167414;190535;190503;0;0,788
73,24;1,42;18,94;41,52;11,27;0,38;821,86;1,53;77,03;2,32;33,5;4,46;12,04;93,63;11,22;98,47;99,43;1,17;0,57;5258;5355;7227;9382;10566;10566;0;0,742
78,17;1,87;11,17;38,89;11,4;0,46;1009,05;2,01;82,6;0,23;20,37;5,64;8,37;93,28;8,06;95,02;99,92;0;0,08;1004;878;1378;1668;1871;1868;0;0,754
75,78;2,41;14,65;49,97;10,61;0,51;687,47;2,73;56,44;5,64;50,78;5,66;18,86;86,75;15,06;98,29;99,55;1,41;0,45;18521;19227;17939;31783;37460;37343;1;0,721
76,22;1,57;13,97;42,05;10,79;0,43;804,31;2,91;78,13;2,69;23,56;5,28;9,81;89,13;10,71;94,86;99,53;5,01;0,47;4356;4278;5991;7668;8616;8589;0;0,743
74,17;1,96;17,29;52,53;10,77;0,53;636,41;1,01;56,13;4,15;27,32;5,91;20,77;95,2;19,93;96,15;97,24;4,67;2,76;7414;7397;7054;12568;14753;14634;1;0,706
76,71;2,31;13,24;47,8;10,66;0,46;918,49;3,73;80,57;0,95;38,06;4,1;7,83;92,84;6,91;99,25;100;0;0;1909;1812;2558;3175;3697;3686;0;0,742
75,55;1,95;15;49,28;8,96;0,34;679,44;6,66;63,55;1,05;59,63;5,76;3,93;76,78;8,86;97,91;100;0,69;0;1794;1810;1976;3109;3598;3598;1;0,716
73,46;2,61;18,54;61,05;10,51;0,44;423,63;0,15;59,7;0,69;29,08;13,46;9,89;82,92;34,43;80,85;96,78;19,69;3,22;1557;1461;1478;2477;3018;3004;1;0,657
73,5;1,93;18,47;45,39;10,88;0,4;655,45;1,33;69,54;3,92;23,17;8,87;19,45;94,46;7,55;98,78;100;0,1;0;1066;984;1233;1774;2024;2024;1;0,726
77,07;1,77;12,71;45,64;11,31;0,47;780,33;3,84;58,6;4,05;46,14;5,24;9,28;88,63;9,22;95,78;99,78;0,23;0,22;2148;2204;2237;3817;4345;4345;1;0,723
76,78;1,89;13,13;44,89;10,42;0,49;828,49;3,64;63,44;2,82;58,19;1,27;11,76;88,03;8,2;99,43;99,96;0;0,04;5357;5304;5750;9064;10654;10619;0;0,758
72,52;1,98;20,3;46,22;10,66;0,48;778,06;1;80,28;0,43;13,95;9,84;9,62;98,39;12,42;100;98,93;3,69;1,07;827;761;1108;1380;1585;1563;1;0,708
77,35;1,23;12,14;34,08;10,79;0,54;1798,12;4,15;64,67;5,31;53,47;10,61;10,72;96,35;11,59;99,84;99,96;0,08;0,04;203047;218193;241855;373988;417579;417546;0;0,847
75,71;1,54;14,76;46,87;10,12;0,42;744,5;0,17;62,2;0,23;21,76;7,45;10,86;83,4;10,96;100;100;0,67;0;1327;1274;1420;2283;2597;2597;1;0,715
76,64;1,87;13,34;40,06;10,13;0,46;870,85;0,56;69,41;3,89;62,72;0,23;11,56;96,87;13,5;99,18;99,86;0,14;0,14;11307;11241;13365;19256;22503;22503;0;0,753
76,58;2,5;13,43;47,37;10,15;0,48;673,84;3,81;58,08;6,8;65,77;3,99;9,48;92,28;17,84;99,63;99,96;0,54;0,04;17161;17392;16821;28959;34481;33830;0;0,731
73,74;2,25;18,05;49,13;11,06;0,51;498,33;0,31;55,17;0,87;11,28;18,32;11,93;71,93;14,69;86,3;99,35;5,56;0,65;1288;1186;1181;2141;2474;2472;1;0,682
73,91;1,99;17,74;48,06;10,71;0,45;638,12;1,25;62,44;3,48;20,2;12,56;12,78;93,2;10,51;96,74;99,35;1,66;0,65;1720;1752;1868;2992;3472;3468;1;0,708
77,07;1,7;12,7;41,45;10,89;0,45;784,88;4,4;60,14;5,96;39,74;4,81;17,17;90,53;11,48;99,62;99,96;0;0,04;9127;9011;9497;15790;18025;17990;0;0,753
74,82;2,48;16,2;49,09;10,05;0,44;691,98;3,46;64,52;2,74;51,72;3,84;16,43;85,17;20,63;99,03;99,94;0,47;0,06;7540;7221;7901;12247;14649;14645;1;0,725
78,34;1,48;10,95;37,21;9,47;0,37;964,36;3,64;68,19;2,17;62;1,53;9,62;97,17;12,37;99,8;99,99;0,57;0,01;28678;29303;34270;50253;57615;57615;0;0,765
77,21;1,53;12,51;38,33;10,68;0,43;784,5;2,65;61,78;4,91;54,38;5,85;12,42;94,12;11,73;99,59;99,92;0,62;0,08;6641;6358;7072;11447;12973;12973;0;0,747
75,76;1,88;14,68;40,09;11,01;0,43;845,01;8,92;77,35;2,45;31,95;4,51;7,62;82,92;8,51;99,4;100;6,73;0;3235;2988;4198;5428;6215;6215;0;0,736
77,64;1,7;11,9;42,16;10,98;0,4;730,8;3,57;61,33;2,4;58,77;3,56;14,35;69,56;8,64;99,7;100;0,87;0;5286;5349;5725;9335;10607;10589;0;0,757
77,53;1,41;12,06;35,78;9,67;0,34;851,75;2,62;66,54;1,97;65,41;1,53;11,76;92,09;11,05;99,28;99,82;0,58;0,18;9351;9079;10722;16114;18414;18414;0;0,754
77,28;1,36;12,41;40,48;10,56;0,47;873,67;3,07;76,9;2,33;27,29;3,85;15,09;88,68;9,61;94,5;100;1,42;0;5300;5198;7215;9382;10423;10391;0;0,751
78,08;1,75;11,29;39,61;9,52;0,38;842,24;2;62,67;6,1;72,99;0,45;7,12;96,68;15,36;99,17;100;6,23;0;17840;17332;18750;29918;35135;35047;0;0,751
75;1,91;15,89;42,51;10,53;0,4;759,66;3,44;68,5;5,31;29,81;7,24;19,29;97,3;9,26;97,81;99,74;0,87;0,26;2401;2507;2981;4353;4892;4892;0;0,730
74,37;2,45;16,95;44,47;10,05;0,45;687,32;0,72;62,83;2,28;44,51;4;16,27;86,71;17,86;97,33;99,65;1,19;0,35;2471;2208;2531;4028;4676;4670;1;0,717
76,51;1,9;13,53;41,57;10,09;0,42;799,29;2,24;62,21;3,54;63,9;3,93;7,84;95,87;14,33;99,85;99,85;0,12;0,15;10497;10742;11455;18413;21164;21150;0;0,758
74,2;1,74;17,25;40,29;10,25;0,46;786,22;2,3;68,63;1,21;27,97;4,66;11,45;94,72;7,9;98,19;99,64;0;0,36;981;964;1172;1707;1939;1939;1;0,725
74,53;1,87;16,67;46,4;10,38;0,43;768,67;3,74;63,62;3,47;33,85;5,09;10,6;91,55;5,39;100;100;0;0;1775;1598;1883;2960;3370;3363;1;0,708
75,87;2,02;14,5;44,44;10,04;0,37;844,25;5,01;69,5;1,74;57,07;5,8;10,22;95,72;8,45;98,82;99,91;0,31;0,09;8666;8664;10364;14911;17276;17276;0;0,737
76,67;1,79;13,29;39,48;10,11;0,4;759,54;2,99;62,61;4,22;57,09;1,91;12,22;96,44;12,77;96,54;100;0,5;0;29303;29530;31792;50780;58666;58666;0;0,741
77,95;2,16;11,47;44,06;10,68;0,38;853,29;2,54;65,96;2;58,82;3,33;11,5;86,58;13,81;99,93;100;8,82;0;6227;6128;6936;10516;12345;12340;0;0,738
75,01;1,96;15,89;51,05;9,25;0,45;516,73;2,66;46,23;4,45;32,49;5,25;15,05;71,72;13,55;92,48;99,58;0,81;0,42;5865;5807;4750;10274;11654;11522;1;0,667
77,09;1,61;12,68;42,19;10,8;0,45;768,81;4,38;55,66;5,51;48,94;3,1;14,96;93,26;14,7;98,26;99,9;1,18;0,1;19805;20365;19524;35079;39714;39703;0;0,765
75,38;2,37;15,27;45,84;9,49;0,47;688,57;3,21;68;0,66;17,63;6,3;21,44;88,7;11,02;96,98;100;0,16;0;2890;2817;3265;4801;5642;5614;1;0,713
77,39;1,98;12,25;39,36;9,71;0,39;945,33;4,22;72,92;2,22;67,12;2,11;5,61;96,78;12,95;99,15;99,96;0,27;0,04;27431;27423;34304;47045;54716;54716;0;0,777
78,44;1,66;10,82;45,03;10,43;0,33;873,9;0,26;68;0,25;37,66;6,52;7,45;94,48;4,64;100;100;0;0;1393;1346;1654;2433;2722;2722;0;0,795
75,25;1,68;15,48;46,67;10,97;0,45;725,68;3,02;71,45;0,76;33,38;2,35;12,45;92,27;4,39;99,88;99,93;0,34;0,07;2366;2386;3002;4202;4722;4712;0;0,736
75,81;1,73;14,6;42,01;11,66;0,43;815,06;1,57;77,28;1,6;32,48;3,89;8,68;94,61;6,33;98,31;100;1,76;0;4258;4151;5665;7331;8393;8376;0;0,759
72,4;3,08;20,53;64,01;9,72;0,61;530,81;0;50,47;2,2;41,67;2,33;15,48;58,41;43,65;97,93;94,18;14,43;5,82;3473;3325;2743;5434;6792;6637;1;0,660
76,18;1,63;14,03;40,83;9,71;0,42;837,81;1,71;70,18;1,02;42,9;2,63;6,31;83,66;10,31;100;99,9;0,19;0,1;3665;3555;4464;6361;7120;7120;0;0,738
75,71;1,54;14,76;48,55;11,23;0,43;663,24;0,52;76,98;1,05;16,7;4,87;8,83;87,64;12,92;87,15;100;2,41;0;2172;2081;2852;3704;4241;4197;1;0,722
75,84;2,14;14,55;44,94;10,27;0,42;686,25;2,45;68;4,88;45,05;7,23;12,84;91,69;13,7;99,32;99,57;0,27;0,43;4850;4681;5520;8117;9470;9458;0;0,742
75,15;1,81;15,65;44,25;11,07;0,45;601,25;0;57,68;0,51;29,82;6,32;16,77;97,28;8,48;97,71;99,58;0,53;0,42;1072;1024;1062;1840;2096;2071;1;0,707
75,17;2,04;15,61;50,35;10,23;0,54;708,34;1,92;65,11;2,01;17,4;5,73;14,9;90,74;24,57;96,16;98,49;3,02;1,51;5346;5102;5734;8807;10364;10216;1;0,699
77,73;2,12;11,78;43,44;11,12;0,45;836,69;2,61;70,39;1,8;39;6,1;11,62;87,35;5,6;99,24;99,76;0,37;0,24;3218;3208;3924;5575;6396;6382;0;0,771
75,17;2,15;15,61;50,6;9,38;0,49;625,36;1,48;66,72;2,9;29,21;3,74;12,13;93,43;19,71;98,86;99,52;2,9;0,48;10409;9892;11270;16892;20280;19965;1;0,708
78,02;2,05;11,45;39,2;10,3;0,45;1014;3,57;66,02;5,02;60,31;4,29;10,18;97,93;18,65;99,86;99,92;0,16;0,08;90111;93262;104013;157549;182637;182580;0;0,795
77,86;1,76;11,59;39,88;9,73;0,49;1078,48;5,71;62,52;6,12;49,15;2,37;14,5;93,67;16,53;99,95;99,83;0,28;0,17;22391;23406;24712;39525;45573;45573;0;0,796
75,5;1,67;15,09;40,57;11,59;0,45;942,44;3,25;70,38;1,86;50,32;4,21;9,54;96,22;10,09;99,21;99,97;0,73;0,03;7858;7551;9424;13391;15363;15346;0;0,775
77,41;2,36;12,22;46,3;10,17;0,47;793,24;3,36;59,56;5,52;31,17;8,14;15,82;97,35;17,58;99,37;99,5;0,38;0,5;7447;7316;7555;12684;14685;14685;0;0,761
77,58;2,01;11,98;42,95;9,05;0,43;844,05;3,31;73,1;1,52;36,15;5,79;9,75;90,25;10,74;96,17;100;0,57;0;11095;11155;13902;19017;22157;22157;0;0,748
73,06;1,63;19,27;42,99;11,61;0,45;831,84;1,48;69,96;1,58;29,96;1,87;11,88;74,31;7,89;98,76;100;0;0;2013;2028;2502;3577;4041;4014;0;0,732
74,06;1,69;17,48;43,31;10,07;0,43;655,7;2,66;66,67;3,35;30,41;5,04;14,29;83,67;11,34;99,18;99,96;1,81;0,04;5262;5347;6146;9218;10609;10580;1;0,716
74,8;1,92;16,22;42,89;9,71;0,39;701,05;2,15;61,46;3,07;46,78;2,63;11,62;97,56;9,63;97,87;100;0,19;0;8625;8665;9264;15073;17280;17271;1;0,721
76,92;1,61;12,03;35,15;10,5;0,42;1111,85;2,56;71,34;2,93;72,84;2,02;6,5;97,98;10,62;99,98;100;0,49;0;71801;71322;88485;124036;142186;142117;0;0,803
74,37;1,54;16,96;44,16;12,7;0,4;654,02;1,7;71,04;2,57;20,22;13,83;8,45;93,84;9,55;100;99,93;0,57;0,07;900;866;1112;1566;1764;1759;1;0,709
78,44;1,65;10,82;38,84;10,85;0,54;1338,5;8,37;70,12;5,49;58,57;4,37;7,44;97,25;8,63;99,4;100;0;0;13008;14012;16643;23735;26807;26807;0;0,827
78,34;1,78;10,97;37,62;10,02;0,49;1126,74;3,47;65,5;5,02;66,78;3,35;9,03;98,16;13,32;99,92;99,93;0,34;0,07;255756;259532;292112;445974;512406;512304;0;0,809
75,44;2,36;15,18;56,27;10,88;0,44;580,97;2,92;65,52;2,2;31,73;10,14;5,52;89,52;22,01;100;99,77;0,26;0,23;2392;2329;2569;3921;4718;4688;1;0,694
76,71;2,2;13,23;49,27;10,6;0,55;654;0;60,99;2,85;20,64;9,57;8,33;94,06;8,46;91,49;98,41;1,56;1,59;1094;1054;1124;1843;2144;2111;1;0,719
77,97;1,67;11,44;45,63;12,28;0,39;925,08;3,42;69,61;1,67;30,89;5,85;7,62;72,11;5,9;99,49;100;0;0;1096;1103;1351;1941;2195;2195;0;0,781
77,04;1,68;12,62;44,56;10,18;0,54;878,34;2,91;58,04;7,18;54,16;7,14;15,46;98,84;16,56;99,14;99,58;0,16;0,42;75952;80775;77940;134278;156106;155974;0;0,770
77,27;1,85;12,42;43,83;10,77;0,44;684,42;2,43;54,55;6,28;46,21;5,23;16,41;87,13;12,34;98,94;99,98;0,87;0,02;25305;26257;24552;45006;51471;51334;0;0,752
76,45;1,94;13,62;40,04;11,16;0,44;850,34;1,69;61,95;1,06;32,82;4,75;10,13;76,47;4,88;98,85;98,94;0,32;1,06;756;734;821;1326;1487;1475;0;0,771
76,28;1,36;13,88;37,9;9,43;0,36;810,58;6,25;71;1,04;49,3;6,25;7,62;92,05;6,73;98,99;100;0,3;0;3001;3003;3745;5275;5953;5953;0;0,749
74,32;2,1;17,04;42,18;9,75;0,37;678,67;1,39;55,84;4,7;66,7;1,56;12,37;84,91;9,06;98,89;100;0,71;0;7187;7180;6899;12354;14319;14319;0;0,735
73,38;3,1;18,7;56,48;9,11;0,45;409,05;1,37;57,96;3,97;45,29;2,9;12,96;91,15;22,44;99,26;98;0,91;2;6081;5757;5610;9679;11825;11758;1;0,649
74,06;2,24;17,48;44,12;8,27;0,49;800,32;1,27;69,5;6,39;9,17;10,02;8,05;77,25;8,39;99,08;100;0,6;0;1754;1611;2006;2886;3328;3199;1;0,686
76,89;1,4;12,96;42,48;9,46;0,43;836,32;1,36;70,15;0,38;31,88;3,25;43,19;95,61;20,52;100;99,41;0,73;0,59;2393;2249;2860;4077;4628;4607;0;0,743
74,2;2;17,25;46,28;9,63;0,37;773,05;1,85;70,6;1,33;56,54;3,25;6,79;94,29;11,32;98,07;100;0;0;5126;5118;6186;8761;10244;10182;1;0,704
77,17;1,86;12,57;42,67;8,84;0,44;937,32;2,49;71,42;2,31;56,43;0,3;13,18;81,58;11,19;98,96;100;0;0;5383;5055;6322;8851;10397;10392;0;0,737
77,59;1,36;11,98;41,06;11,45;0,43;1030,37;3,55;63,63;1,84;54,94;3,01;10,5;93,42;5,33;99,81;99,95;0;0,05;2740;2860;3232;5079;5593;5590;0;0,789
73,38;2,02;18,7;46,43;10,23;0,39;533,9;0,38;61,02;2,34;35,14;9,26;8,77;83,12;14,29;94,58;100;0;0;948;878;958;1569;1817;1817;1;0,662
77,82;1,76;11,66;44,35;11,38;0,49;789,53;2,62;64,94;4,47;46,65;5,19;11,49;95,52;14,23;96,73;99,68;1;0,32;26251;26661;29317;45143;52665;52275;0;0,777
74,06;1,63;17,48;46,51;8,56;0,52;789,61;0,83;66,78;0,6;28,98;9,54;4,48;77,37;11,8;96,24;98,75;0;1,25;1672;1607;1909;2858;3276;3215;1;0,698
74,01;1,88;17,58;48,1;9,66;0,46;465,76;0;56,49;1,21;21,64;4,13;14,74;95,84;20,4;97,08;99,23;4,86;0,77;3799;3680;3587;6350;7432;7329;1;0,690
76,63;1,9;13,35;42,53;11,51;0,5;861,85;2,05;65,68;5,02;52,43;3,77;12,77;98,19;9,19;99,07;100;0;0;3248;3156;3600;5481;6330;6330;0;0,768
78,17;1,53;11,17;41,38;9,59;0,45;896,02;4,47;70,59;3,2;50,11;4,84;9,93;92,66;9,37;99,2;99,97;0,1;0,03;10907;11194;13559;19208;21897;21897;0;0,781
76,7;1,9;13,25;43,48;11,66;0,41;840,58;1,28;64,65;0,28;21,39;2,98;10,93;51,95;6,83;100;100;0;0;1135;1068;1282;1984;2203;2203;0;0,743
77,04;1,48;12,76;40,98;10,76;0,34;847,63;2,37;72,56;1,88;55,09;2,5;5,77;94,1;8,49;99,4;99,88;3,37;0,12;7449;7225;9308;12828;14635;14635;0;0,774
74,83;2,44;16,18;55,39;9,66;0,45;402,83;0,9;64,23;5,2;25,43;15,13;17,85;90,64;20,68;95,65;98,81;4,36;1,19;1475;1364;1502;2339;2839;2820;1;0,657
73,5;1,65;18,47;41,33;12,16;0,41;768,23;1,19;67,02;1,82;40,41;1,7;13,68;85,69;9,6;99,31;99,95;1,23;0,05;3458;3542;4133;6167;6977;6970;0;0,738
74,23;2,08;17,18;50,51;11,06;0,39;560,66;0,53;64,03;0,54;34,12;7,15;9,06;66,25;9,42;99,76;100;0;0;1273;1240;1387;2166;2504;2493;1;0,708
78,17;1,8;11,17;45,97;11,1;0,43;858,23;5,21;73,71;1,51;36,68;5,78;10,52;95,13;11,47;96,56;100;0,4;0;2070;1975;2602;3531;4019;4019;0;0,760
77,52;1,49;12,07;37,69;10,08;0,4;741,84;3,18;75,68;1,79;46,98;2,72;9,69;88,96;11,63;98,67;99,76;2,55;0,24;5422;4809;6844;9044;10154;10150;0;0,748
73,23;2,62;18,97;54,61;9,64;0,45;449,82;0,87;54,17;10,26;61,17;4,65;14,74;96,42;26,61;99,48;98,79;0,99;1,21;4740;4572;4128;7620;9294;9290;1;0,643
74,58;2,04;16,59;52,77;10,77;0,44;432,84;1,72;56,58;4,14;33,68;4,04;24,36;95,51;20,57;96,62;98,95;3,82;1,05;4283;4063;3950;6982;8336;8240;1;0,675
74,51;1,79;16,72;40,59;11,04;0,36;759,25;5,13;65,34;3,04;62,61;3,68;10,89;89,98;12,6;98,13;100;0,03;0;8078;8048;9027;13814;16097;16097;0;0,738
75,8;1,7;14,61;39,61;9,42;0,51;809,37;1,01;70,72;1,05;33,58;5;9,64;90,9;8,22;98,76;100;0;0;1513;1377;1802;2548;2890;2877;1;0,701
77,37;2,16;12,28;44,45;9,61;0,41;756,39;1,42;59,85;6,29;57,97;4,35;13,83;97,44;20,85;99,79;99,96;2,3;0,04;30158;30398;30573;51085;60411;60384;0;0,736
76,03;1,73;14,26;41,46;12,03;0,44;944,83;4,48;77,5;2,07;40,6;5,11;22,07;98,2;8,68;97,51;99,95;0,34;0,05;2205;2070;2886;3724;4273;4273;0;0,765
77,54;2,39;12,04;45,75;9,34;0,55;868,83;3,38;63,9;1,39;20,09;4,05;8,93;73,24;9,95;86,19;99,59;1,19;0,41;2210;2057;2382;3728;4258;4235;0;0,736
78,43;1,45;10,83;38,52;9,74;0,35;847,77;2,92;70,07;1,13;56,55;4,39;5,7;85,07;7,11;97,82;100;0,07;0;6181;6009;7530;10746;12148;12046;0;0,748
77,14;1,57;12,61;40,47;10,62;0,39;805,79;2,14;63,4;2,88;60,31;2,22;9,16;89,78;8,7;99,19;99,95;0,44;0,05;6719;6590;7368;11620;13188;13188;0;0,768
75,76;1,54;14,67;48,25;9,16;0,39;623,51;0,87;87,78;0,53;19,34;6,49;12,29;85,66;11,7;81,48;99,54;1,73;0,46;1450;1300;2065;2352;2732;2730;1;0,706
77,35;1,6;12,31;39,91;10,07;0,45;844,35;2,06;63,61;3,22;57,15;1,6;10,64;88,85;10,3;95,23;100;2,34;0;10634;10759;11829;18597;21373;21355;0;0,755
75,12;2,32;15,7;45,92;9,88;0,4;677,67;2,43;59,6;5,5;60,72;3,35;12,53;98,18;11,93;99,78;99,93;1,23;0,07;8262;8075;8187;13737;16311;16201;0;0,740
78,06;1,63;11,33;41,74;10,98;0,45;987,45;2,84;72,48;2,45;41,78;2,63;10,31;91,77;6,5;98,6;100;0,05;0;3671;3701;4690;6471;7329;7329;0;0,774
72,4;1,96;20,53;45,48;9,63;0,53;607,09;0;44;1,92;36,16;6,82;19,56;90,76;10,63;90,51;99,29;1,52;0,71;1150;1121;859;1952;2267;2201;1;0,695
75,84;1,84;14,55;43,68;9,56;0,44;644,16;0;72,36;0,21;20,87;7;6,97;94,34;18,07;100;99,44;4,88;0,56;939;824;1116;1543;1752;1738;1;0,718
73,45;1,94;18,57;50,16;10,7;0,49;511,7;0,5;60,59;3,4;30,75;7,29;19,75;81,06;10,07;99,55;99,54;0;0,46;1232;1121;1222;2016;2353;2343;1;0,664
76,55;2;13,87;38,96;9,83;0,4;862,74;2,5;66,33;4,3;59,85;6,43;10,24;94,97;16,83;99,42;99,9;0,54;0,1;68436;68898;78134;117804;136699;136675;0;0,757
73,01;2,35;19,38;49,45;10,77;0,5;623,64;1,34;70,74;3,48;36,38;5,9;11,17;93,77;11,27;99;99,11;2,26;0,89;3957;3808;4670;6602;7687;7586;1;0,704
74,61;2,42;16,54;51,15;8,66;0,43;471,82;2,3;62,79;6,86;34,34;7,61;10,45;82,77;8,4;99,74;99,56;0,65;0,44;1221;1152;1260;2008;2373;2291;1;0,671
75,13;1,7;15,68;42,3;11,39;0,46;887,5;3,57;70,09;2,39;30,84;4,03;12,27;94,99;11;96,23;99,63;2,05;0,37;8018;8002;9863;14072;15987;15942;0;0,737
75,17;2,18;15,61;48,26;9,31;0,47;589,35;1,9;69,19;3,1;30,69;3,59;15,26;95,61;19,02;97,03;99,22;2,83;0,78;9172;8756;10455;15111;17882;17721;1;0,704
75;1,99;15,89;49,12;11,83;0,5;743,76;2,88;71,67;1,76;14,28;5,89;12,9;88,44;12,12;89,1;99,57;3,81;0,43;2091;1989;2569;3584;4059;4059;1;0,700
77,13;2,12;12,62;45,55;10,57;0,42;602,85;3,27;62,01;8,22;35,98;7,15;23,02;96,23;17,02;99,4;99,9;3,58;0,1;3352;3275;3446;5557;6579;6579;1;0,720
73,46;2,42;18,54;53,14;8,35;0,47;450,78;2,26;66,83;0,72;30,23;8,97;11,13;85,69;23,8;99,11;99,25;1,73;0,75;2241;2184;2470;3696;4396;4346;1;0,659
76,91;2,07;12,94;45,45;10,88;0,4;650,58;2,6;53,67;5,47;52,87;7,02;10,62;68,07;13,59;99,12;100;0,37;0;3404;3288;3094;5766;6673;6652;1;0,716
77,18;1,53;12,55;40,45;9,41;0,33;683,36;2,05;63,57;1,27;45,3;1,2;8,6;78,51;5,77;99,83;99,96;0,09;0,04;2098;2009;2318;3647;4090;4090;1;0,728
77,02;2,16;12,78;44,57;10,31;0,42;793,53;4,78;59,02;4,51;51,08;2,18;15,97;96,62;16,83;99,72;99,87;0,41;0,13;12538;12603;12777;21650;25014;25004;0;0,743
77,9;1,58;11,55;43,55;11,13;0,47;918,86;2,09;76,44;0,99;25,69;5,62;7,16;93,53;7,79;99,28;99,39;0;0,61;1484;1504;2040;2669;2981;2976;0;0,766
73,1;2,07;19,2;45,22;10,79;0,47;799,56;2,22;75,84;1;25,96;4,14;6,22;83,04;8,47;97,84;99,9;3,4;0,1;3165;2966;4071;5369;6131;6107;1;0,716
77,15;2,27;12,59;45,98;9,2;0,44;826,13;4,78;61,23;5,26;46,69;2,92;14,57;99;17,69;99,35;99,79;0,19;0,21;8521;8557;8869;14486;17029;17020;0;0,756
78,17;1,63;11,17;39,69;11,03;0,43;893,85;5;73,53;3,09;53,62;3,82;9,65;96,12;8,55;99,44;99,9;0,1;0,1;8177;8155;10434;14190;16222;16190;0;0,783
76,95;1,8;12,89;41,12;12,12;0,45;917,64;4,73;78,29;1,52;48,97;4,99;9,29;84,01;8,86;100;99,77;0,56;0,23;1616;1531;2140;2734;3105;3105;0;0,777
74,72;1,74;16,36;43,51;11,24;0,43;779,57;4,88;68,45;1,8;42,56;7,21;9,96;85,34;9,17;93,85;99,88;0,23;0,12;2373;2413;2864;4184;4773;4770;0;0,758
77,87;1,62;11,59;41,99;10,9;0,42;754,11;1,35;71,53;0,76;23,47;10,14;10,68;91,17;11,2;95,15;99,61;0,46;0,39;1383;1271;1690;2362;2640;2636;0;0,751
78,14;1,32;11,22;37;10,62;0,38;1022,91;2,79;70,87;1,92;74,37;1,29;5,53;97,54;7,44;99,46;99,92;0,26;0,08;13904;13855;17288;24394;27548;27529;0;0,780
73,23;2,73;18,97;54,87;10,63;0,45;503,47;1,86;52,19;7,57;41,91;8,41;21,46;89,32;16,98;100;98,45;1;1,55;2454;2440;2129;4080;4891;4880;1;0,673
74,12;2,41;17,38;53,49;9,31;0,47;490,45;1,89;53,9;6,03;57,3;6,79;17,9;96,64;20,05;99,25;99,66;0,34;0,34;1644;1659;1476;2738;3303;3303;1;0,689
72,4;2,42;20,53;49,18;10,39;0,44;586,05;1,47;60,16;4,75;60,64;3,44;14,8;86,21;19,78;99,32;98,97;1,62;1,03;5534;5497;5553;9231;10914;10914;1;0,693
78,14;2,17;11,22;42,49;9,91;0,42;850,99;3,66;62,36;4,3;45,59;6,42;13,57;87,2;18,46;99,37;99,83;0,13;0,17;7998;8085;8589;13773;16042;16031;0;0,760
78,43;1,99;10,83;47,37;10,87;0,53;864,41;3,62;61,91;7,21;44,28;7,8;15,62;96,63;14,93;99,42;99,38;0;0,62;16448;17045;17680;28556;33342;33301;0;0,786
76,41;2,1;13,67;46,49;9,47;0,43;742,15;2,21;69,25;2,57;50,22;3,32;8,13;86;12,32;99,01;99,92;1,65;0,08;7504;7306;8667;12515;14726;14682;1;0,720
75,39;1,72;15,25;43,8;10,93;0,42;591,62;1,96;64,37;3,69;34,01;6,05;14,33;85,27;12,6;99,69;99,88;2,35;0,12;3658;3609;4054;6298;7230;7214;1;0,718
78;1,36;11,41;41,51;12,12;0,47;1255,85;0;82,89;0,86;16,13;5,07;7,08;86,54;10,28;100;100;1,04;0;881;844;1281;1546;1724;1724;0;0,770
77,44;1,73;12,18;43,14;10,21;0,41;928,86;5,24;73,37;0,92;53,8;3,58;8,94;95,56;9,17;99,76;99,97;0,7;0,03;7404;7483;9435;12859;14808;14780;0;0,759
76,64;1,92;13,34;46,19;10,2;0,5;934,37;2,43;78,33;2,19;16,5;7,37;13,12;83,9;11,08;100;99,81;0;0,19;1167;1117;1559;1990;2265;2265;0;0,737
74,17;1,72;17,29;44,55;11,56;0,42;626,1;1,61;73,47;3,48;19,28;7,39;11,2;95,45;10,5;98,83;99,49;0,55;0,51;1421;1337;1754;2387;2737;2737;1;0,706
74,93;1,76;16;42,94;9,76;0,39;672,58;2,17;71,88;1,9;37,41;3,62;9,57;87,53;7,89;97,84;99,96;2,12;0,04;5168;5080;6438;8957;10186;10105;0;0,730
78,59;1,72;10,62;40,92;11,01;0,42;813,8;2,36;70,91;0,51;26,59;6,44;10,98;74,01;6,16;98,41;100;0;0;1398;1350;1725;2432;2717;2713;0;0,753
74,2;2,16;17,25;49,07;10,81;0,44;737,53;1,1;66,62;2,21;37,76;8,09;13,69;91,25;13,01;99,22;99,79;0,58;0,21;3153;2990;3511;5270;6136;6133;1;0,697
73,18;2,25;19,06;45,22;11,2;0,5;803,46;3,01;75,28;1,24;22,17;5,53;10,75;86,75;9,55;100;100;0,5;0;3179;3013;3983;5290;6186;6128;1;0,729
78,52;2,11;10,71;43,34;9,32;0,47;957,34;1,36;67,96;1,12;35,5;2,65;7,26;79,67;8,21;100;99,98;0,81;0,02;3599;3491;4208;6191;6978;6919;0;0,754
74,61;1,5;16,54;42,24;9,97;0,37;795,95;1,63;67,68;1,19;66,84;0,53;5,45;84,88;11,07;99,5;100;0,52;0;5268;5016;6106;9022;10271;10271;1;0,729
78,61;1,54;10,6;39,45;10,16;0,45;1114,31;4,28;67,73;2,92;63,36;4,52;8,62;96,56;10,6;99,3;100;0,16;0;29978;31220;36038;53210;60758;60743;0;0,802
75,98;1,61;14,34;37,14;10,83;0,56;1570,51;1,6;83,59;0,9;30,82;3,75;5,71;81,86;7,61;100;100;0,17;0;2294;2152;3315;3966;4440;4440;0;0,806
75,89;1,97;14,47;46,81;9,72;0,44;664,58;2,84;62,42;6,44;61,76;4,23;11,72;97,83;18,06;99,91;99,39;1,4;0,61;19977;19869;20838;33384;39723;39708;0;0,738
73,34;1,81;18,76;48,63;9,64;0,42;463,38;0,22;63,7;2,76;18,1;11,55;18,26;75,89;11,96;97,47;99,46;0;0,54;1245;1191;1323;2077;2387;2377;1;0,653
74,79;2,11;16,24;48,51;11,92;0,44;629,81;1,69;74,47;1,11;22,42;3,21;13,22;93,06;10;97,55;99,67;1,34;0,33;2498;2340;3111;4177;4830;4811;1;0,714
78,34;1,35;10,95;38,32;9,02;0,42;958,15;3,85;65,44;1,19;71,09;2,04;5,58;81,52;9,51;98,63;100;0,79;0;5487;5435;6392;9768;10871;10871;0;0,754
73,01;2,25;19,38;49,22;9,97;0,47;791,78;1,2;68,99;1,99;13,29;7,51;9,88;93,7;8,35;82,88;99,7;2,96;0,3;2793;2758;3346;4849;5514;5495;1;0,692
73,18;1,85;19,06;43,54;10,07;0,43;784,32;4,53;73,06;2,68;43,71;3,76;10,44;80,68;7,67;99,06;100;0,16;0;3772;3598;4657;6375;7318;7304;0;0,744
72,68;2,38;20;54,36;11;0,5;427,12;1,56;71,95;0,41;14,02;3,84;8,48;94,65;15,08;95,39;97,86;3,51;2,14;2040;1921;2395;3329;3944;3776;1;0,654
77,82;1,97;11,65;43,39;11,4;0,55;1011,21;3,31;64,88;3,15;57,17;5,26;9,4;75,29;8,31;100;100;0;0;2189;2112;2441;3763;4284;4284;0;0,784
76,16;2,47;14,06;47,58;9,13;0,4;730,38;1,83;68,71;2,11;61,71;0,15;14,32;83,07;21,14;97,55;100;0,44;0;5322;5078;5869;8543;10353;10353;1;0,700
74,12;2,79;17,38;51,87;9,56;0,52;610,94;1,32;54,9;7,64;58,3;4,79;18,47;94,88;21,27;98,83;98,78;2,05;1,22;7849;7908;7143;13013;15716;15562;1;0,698
74,99;1,84;15,92;40,95;11,44;0,38;644,48;1,42;85,9;1,13;15,96;7,25;10,44;89,61;9,85;98,31;99,7;3;0,3;1236;1146;1805;2101;2380;2373;1;0,727
75,55;1,68;15;38,68;11,51;0,32;731,43;3,03;82,87;0,69;17,98;6,76;9,68;70,55;10,16;100;100;0,28;0;1092;973;1536;1854;2053;2053;0;0,757
73,38;1,67;18,69;44,65;10,79;0,39;630,29;1,14;69,21;1,59;28;3,87;16,49;92,46;9,5;99,7;99,94;0,68;0,06;4050;4004;4786;6915;7984;7941;1;0,705
74,01;1,99;17,58;44,91;10,47;0,48;421,9;0,2;59,45;0,17;9,24;5,6;8,2;88;13,68;98,06;100;3,59;0;4700;4067;4451;7488;8745;8193;1;0,669
72,45;2,1;20,44;52,02;11,77;0,56;572,73;0,45;73,35;1,15;7;6,68;9,7;92,63;7,87;98,6;99,9;0,51;0,1;1493;1403;1833;2499;2889;2674;1;0,682
73,68;1,54;18,15;44,62;10,91;0,46;756;0,18;64,6;0,76;18,19;10,31;9,05;97,22;6,91;100;100;1,27;0;754;711;827;1281;1465;1465;1;0,728
78,4;1,6;10,86;39,06;10,94;0,38;867,13;4,01;66,22;3,29;52,25;6,52;13,58;84,5;10,66;99,74;100;0;0;9984;9839;11534;17418;19714;19714;0;0,781
74,34;2,31;17;50,34;10;0,45;465,1;0;70,37;0;12,17;9,05;7,41;81,85;15,35;89,63;98,64;28,44;1,36;1407;1270;1608;2285;2669;2623;1;0,677
77,25;1,65;12,45;40,08;10,39;0,49;923,29;3,3;65,66;4,84;65,44;3,96;7,69;98,79;10,23;99,9;99,95;0,01;0,05;37239;37562;41959;63909;74503;74459;0;0,782
76,61;1,57;13,38;46,59;9,14;0,47;745,72;2;78,16;0,22;23,49;2,95;16,35;69,51;6,29;100;100;0;0;1551;1457;2097;2683;2981;2951;0;0,731
77,01;1,79;12,79;38,31;10,69;0,46;924,02;2,05;73,33;2,3;37,63;6,26;11,12;93,09;7,85;98,44;99,52;2,33;0,48;5171;5120;6631;9042;10246;10236;0;0,769
73,74;2,53;18,05;43,12;8,82;0,44;507,73;1,39;47,76;8,19;55,29;8,82;13,78;96,41;15,27;98,66;99,64;0,9;0,36;2850;2162;2047;4287;4312;4306;1;0,665
76,66;2,01;13,31;45,01;11,44;0,58;956,19;2,89;66,86;2,97;36,54;3,64;14,85;90,96;12,89;92,32;99,81;6,07;0,19;4780;4711;5499;8226;9418;9412;0;0,765
76,35;2,33;13,78;46,45;10,43;0,45;801,49;3,49;56,86;8,46;48,88;7,93;12,74;96,74;18,9;99,09;99,22;0,29;0,78;21182;21338;20550;36139;42245;42207;0;0,762
77,35;1,52;12,31;38,08;12,2;0,4;881,09;0,99;83,04;1,01;27,74;3,62;9,53;91,84;7,03;98,43;100;0,87;0;3098;2938;4538;5464;6027;6027;0;0,761
76,9;1,72;12,96;39,2;9,5;0,33;794,12;3,07;72,8;2,51;58,77;3,07;10,28;92,86;14,6;99,28;100;1,25;0;13287;12973;16341;22445;26060;26060;0;0,740
77,37;2,1;12,28;47,49;9,84;0,34;680,25;0,43;64,48;1,52;49,69;0,94;13,96;96,75;15,78;98,9;99,79;0;0,21;1790;1645;1882;2919;3409;3409;0;0,738
75,39;1,59;15,25;44,25;10,61;0,42;558,4;1,21;67,32;2,48;17,55;3,47;20,2;79,4;10,4;100;100;0,16;0;3530;3472;4100;6091;6979;6948;1;0,695
74,01;2,26;17,56;44,16;8,74;0,48;641,75;2,55;61,16;4,6;49,29;5,16;11,6;92,58;11,39;100;99,73;0,3;0,27;12434;12378;12907;21102;24778;24719;1;0,687
77,81;1,46;11,67;35,06;10,52;0,44;1157,43;3,16;66,96;4,58;62,64;7,11;8,49;97,85;13,24;99,81;99,97;0,11;0,03;101392;108412;122879;183507;208673;208673;0;0,809
74,79;1,64;16,24;44,18;10,07;0,48;866,73;5,07;70,18;2,24;37,08;5,67;11,03;97,42;8,46;92,87;99,49;0,52;0,51;6892;6792;8439;12025;13638;13552;0;0,731
74,61;1,9;16,54;51,3;9,12;0,46;375,44;0,93;56,77;1,91;16,01;2,02;17,13;68,53;11,82;98,32;99,56;1,59;0,44;4801;4472;4556;8026;9216;8993;1;0,636
73,43;1,69;18,61;43,63;9,79;0,46;841,27;2,37;73,02;2,21;48,59;3,8;10,86;94,35;10,86;95,62;99,79;1,47;0,21;10828;10964;13668;18719;21668;21593;0;0,749
75,01;1,73;15,89;40,01;9,56;0,44;884,18;3,76;72,23;3,1;59,26;3,33;12,46;85,42;9,5;94,58;100;0;0;5625;5368;6789;9399;10930;10930;0;0,755
74,8;1,99;16,22;43,26;10,48;0,38;870,77;4,1;79,09;0,57;25,76;1,87;9,01;76,73;9,58;100;100;0,39;0;1660;1549;2263;2861;3209;3209;0;0,742
72,67;2,3;20,01;48,4;12,26;0,5;767,85;0;81,37;0,82;8,29;8,51;5,15;97,11;10,61;96,55;99,1;2,33;0,9;979;925;1358;1669;1886;1886;1;0,710
78,06;1,27;11,33;38,3;10,54;0,5;1072,6;5,7;71,66;4,18;52,16;4,76;12,94;91,87;7,7;99,17;99,85;0,21;0,15;17650;18656;22900;31956;36117;36094;0;0,801
75,77;1,46;14,66;44,73;11,02;0,41;887,7;0,15;55,63;14,21;40,63;12,84;15,26;83,54;5,47;97,83;100;0,27;0;2988;1716;2427;4363;3389;3383;0;0,734
75,97;1,61;14,35;39,41;11,66;0,33;719,94;2,8;77,06;1,01;46,45;3,95;6,63;87,78;5,03;98,82;100;2,53;0;4618;4398;6127;7951;8988;8988;0;0,755
76,27;1,83;13,88;39,62;10,27;0,34;852,5;2,89;72,11;2,39;72,78;0,95;4,94;92,45;9,87;99,02;99,92;3,67;0,08;7801;7515;9430;13078;15252;15252;0;0,769
77,32;1,57;12,35;38,84;10,87;0,51;1188,18;3,06;75,25;1,73;51,36;3,35;11,49;88,3;8,29;99,56;99,85;1,14;0,15;8525;8411;11204;14889;16884;16880;0;0,779
77,72;1,62;11,8;42,45;11,69;0,41;893,35;2,95;77,96;1,08;32,22;4,07;14,17;95,42;9,47;97,03;99,75;1,39;0,25;1634;1651;2267;2908;3251;3251;0;0,773
77,81;1,64;11,67;39,99;11,21;0,4;855,02;2,37;63,86;4,58;55,04;2,4;13,08;85,61;11,07;99,56;99,83;0,91;0,17;6480;6518;7266;11378;12975;12965;0;0,774
76,49;1,63;13,57;43,79;9,83;0,4;746,69;2,84;68,24;3,13;49,96;2,46;16;96,43;9,59;99,77;100;1,89;0;13072;13541;15531;22759;26590;26590;1;0,728
74,89;2,15;16,08;47,21;11,96;0,45;674,87;1,94;76,54;0,57;18,65;5,79;8,93;94,36;11,25;94,79;100;1,22;0;1437;1329;1829;2389;2763;2757;1;0,707
77,71;2,14;11,81;44,1;11,12;0,43;848,34;3,4;72,71;1,99;48;4,77;10,13;88,96;6,54;99,62;99,8;0,07;0,2;8690;8570;10820;14882;17065;17024;0;0,761
76,99;2,12;12,83;44,03;11,19;0,46;840,87;2,08;70,6;2,73;47,39;1,16;9,09;89,86;11,14;96,04;99,66;0,39;0,34;4470;4204;5333;7554;8650;8620;0;0,737
75,76;1,54;14,67;43,66;12,04;0,41;579,87;0,36;71,77;1,98;11,01;12,43;13,08;98,28;6,36;100;98,98;1,74;1,02;902;855;1111;1549;1746;1743;1;0,717
77,39;1,81;12,25;40,46;9,73;0,41;835,48;3,64;60,24;3,17;59,55;4,22;11,14;96,82;17,05;100;99,67;0;0,33;15494;15466;16082;26697;30700;30700;0;0,760
76,33;1,89;13,81;42,73;10,83;0,47;709,63;1,16;64,99;3,78;30,36;6,55;17,68;74,91;6,16;100;100;0,06;0;2693;2615;2991;4603;5299;5274;1;0,720
76,36;1,25;13,76;36,92;9,19;0,47;1214,03;3,46;69,97;2,5;69,74;2,06;5,92;98,94;8,5;99,8;100;1,17;0;18244;18530;22655;32378;36602;36602;0;0,784
72,88;2,76;19,61;57,41;10,49;0,47;412,31;1,57;60,23;3,4;54,68;2,94;10,81;92,86;27,68;97,16;96,85;2,92;3,15;3612;3555;3460;5745;7143;6946;1;0,659
73,85;2,22;17,85;51,43;9,23;0,47;539,69;1,09;53,97;7,74;60,24;2,16;14,23;95,87;27,94;99,35;99,27;3,07;0,73;9057;9072;8058;14931;18091;18010;1;0,706
77,94;1,36;11,48;38,31;11,25;0,34;784,39;2,07;54,67;1,88;62,97;0,89;16,85;95,43;6,45;99,12;100;0;0;1789;1738;1719;3143;3527;3524;0;0,774
77,83;1,57;11,64;38,92;9,6;0,36;746,89;2,86;68,95;0,39;42,73;3,35;8,8;76,82;8,91;92,57;100;0,36;0;3451;3425;4173;6052;6866;6859;1;0,729
77,43;1,98;12,19;42,22;10,44;0,62;1471,95;4,75;70,42;2,4;53,78;2,31;7,65;89,64;7,86;99,45;100;0,13;0;3150;3191;3832;5442;6316;6313;0;0,795
77,77;2,12;11,73;42,98;10,05;0,44;905,3;3,51;67,95;1,75;55,03;5,02;9,24;91,75;8,46;99,53;100;0,21;0;3268;3285;3824;5628;6503;6503;0;0,775
76,96;1,4;12,87;36,25;10,72;0,47;1077,62;4,96;61,66;3,43;61,31;3,51;8,69;93,21;8,45;99,85;99,83;0,68;0,17;47114;50121;53040;86018;96823;96626;0;0,796
74,79;1,48;16,24;42,33;11,49;0,41;742,67;3,75;79,79;0,87;20,7;5,1;12,19;95,85;6,69;100;99,68;1,45;0,32;2368;2265;3253;4077;4623;4623;0;0,752
77,01;1,5;12,8;39,92;10,08;0,4;810,85;2,58;69,58;3,52;47,21;3,88;14,22;79,46;9,06;97,85;100;0;0;5850;6004;7195;10341;11773;11773;0;0,740
74,37;2,21;16,96;46,38;11,13;0,37;634,81;0,57;64,17;2,44;17,6;6,54;13,45;87,3;6,64;98,73;98,71;0,57;1,29;1475;1435;1629;2538;2910;2910;1;0,705
74,4;2,09;16,89;47,8;9,73;0,52;713,25;1,73;64,48;1,8;27,67;6,57;22,91;82,85;15,2;99,6;99,83;0;0,17;5396;5303;5830;9042;10689;10689;1;0,694
74,4;1,68;16,89;44,3;10,84;0,42;508,79;2,8;54,55;1,39;23,22;11,65;22,48;78,44;8,64;99,84;99,53;0,08;0,47;1274;1208;1170;2145;2466;2466;1;0,699
77,54;1,43;12,04;37,66;10,28;0,4;883,42;3,36;63,62;2,92;54,84;1,81;13,29;91,52;9,72;99,69;100;0;0;9935;10288;11455;18005;20196;20196;0;0,772
74,59;2,19;16,57;47,91;7,91;0,45;655,53;1,22;63,44;3,9;45,21;4,94;11,68;77,39;10,8;100;98,67;1,77;1,33;1785;1747;1904;3001;3523;3518;1;0,686
72,42;2;20,5;48,34;7,93;0,5;419,74;1,5;44,26;1,72;25,05;11,47;16,76;81,13;11,34;99,22;99,25;1,51;0,75;1446;1362;1062;2399;2801;2683;1;0,629
73,06;2,21;19,27;48,64;10,3;0,43;642,6;1,35;60,48;4,08;47,53;7;24,62;84,68;16,51;96,27;99,66;0,32;0,34;2428;2365;2451;4052;4771;4771;1;0,718
73,1;2,03;19,2;46,14;10,21;0,41;744,1;1,56;72,3;1,79;20,16;4,96;8,57;80,85;14,88;99,61;100;0,93;0;3258;3032;3853;5329;6189;6150;1;0,700
76,42;1,85;13,66;40,76;10,49;0,47;978,07;3,43;68,4;3,18;66,19;2,94;8,29;95,51;11,48;99,83;99,92;0,11;0,08;23279;23909;27690;40482;46820;46792;0;0,764
75,44;2,25;15,18;51,1;9,96;0,52;599,02;1,21;70,29;1,58;25,99;4,97;7,34;91,04;14,5;93,64;99,85;6,04;0,15;2770;2437;3069;4367;5180;5028;1;0,673
77,18;2,16;12,54;43,94;7,35;0,43;796,45;0,83;73,22;1,35;38,82;1,25;7,56;89,08;11,27;99,02;100;0,76;0;1827;1773;2298;3139;3573;3573;1;0,710
76,67;1,75;13,29;42,28;10,02;0,48;906,11;3,96;63,39;3,69;54,6;4,17;10,51;68,94;14,53;98,54;99,17;0,61;0,83;21581;22547;24014;37881;43612;43584;0;0,775
76,63;1,79;13,36;38,99;10,48;0,47;973,81;1,17;83,84;0,41;13,52;3,16;15,04;86,94;5,05;100;99,63;0,4;0,37;2160;1982;3067;3658;4128;4119;0;0,749
77,23;1,95;12,48;41,36;10,5;0,43;783,29;2;69,2;3,27;54,41;2,21;12,39;94,32;12,15;98,31;99,44;2,62;0,56;12776;12937;15295;22101;25674;25674;0;0,752
78,07;2,02;11,31;45,26;10,68;0,42;861,63;2,64;76,85;2,24;49,03;7,53;11,48;96,08;9,36;99,58;99,91;0,09;0,09;1537;1454;1952;2541;2981;2981;0;0,761
81,97;2,12;11,88;47,52;11,21;0,44;904,71;2,77;80,69;2,35;51,48;7,91;12,05;100,88;9,83;104,56;104,91;0,09;0,09;1614;1527;2050;2668;3130;3130;;
71,55;2,05;18,99;47,03;11,53;0,43;623,43;3,40;70,81;3,00;20,55;5,79;21,05;91,11;17,71;98,00;97,75;1,07;0,25;3166;3086;3888;5380;6234;6233;;
78,55;2,14;11,85;43,41;10,15;0,44;914,35;3,55;68,63;1,77;55,58;5,07;9,33;92,67;8,54;100,53;101,00;0,21;0,00;3301;3318;3862;5684;6568;6568;;
73,50;1,42;14,22;43,39;10,69;0,40;861,07;0,15;53,96;13,78;39,41;12,45;14,80;81,03;5,31;94,90;97,00;0,26;0,00;2898;1665;2354;4232;3287;3281;;
