idmun,ano,esf
110004,2000,1
110005,2000,1
110008,2000,1
110009,2000,1
110010,2000,1
110011,2000,0
110012,2000,1
110014,2000,1
110015,2000,1
110020,2000,1
110025,2000,1
110028,2000,1
110029,2000,1
110030,2000,1
110033,2000,1
120005,2000,0
120020,2000,1
120030,2000,1
120034,2000,1
120040,2000,1
120045,2000,1
120050,2000,1
120060,2000,1
130002,2000,0
130006,2000,0
130008,2000,0
130010,2000,1
130014,2000,0
130020,2000,1
130030,2000,0
130040,2000,1
130050,2000,1
130060,2000,1
130063,2000,0
130068,2000,0
130070,2000,1
130080,2000,1
130083,2000,1
130090,2000,1
130100,2000,0
130110,2000,1
130115,2000,1
130120,2000,1
130130,2000,1
130140,2000,1
130150,2000,1
130160,2000,1
130165,2000,0
130170,2000,0
130180,2000,0
130185,2000,1
130190,2000,1
130195,2000,0
130200,2000,1
130210,2000,0
130220,2000,1
130230,2000,0
130240,2000,0
130250,2000,1
130255,2000,0
130260,2000,1
130270,2000,0
130280,2000,0
130290,2000,1
130300,2000,1
130310,2000,1
130320,2000,0
130330,2000,1
130340,2000,1
130350,2000,1
130353,2000,1
130356,2000,1
130360,2000,1
130370,2000,0
130380,2000,1
130390,2000,0
130395,2000,0
130400,2000,1
130406,2000,1
130410,2000,0
130420,2000,0
130423,2000,0
130426,2000,0
130430,2000,1
130440,2000,0
140005,2000,1
140010,2000,1
140020,2000,1
140060,2000,0
150010,2000,1
150020,2000,0
150030,2000,0
150040,2000,1
150050,2000,1
150060,2000,1
150070,2000,0
150080,2000,1
150090,2000,1
150100,2000,0
150110,2000,0
150120,2000,1
150130,2000,1
150140,2000,1
150150,2000,1
150157,2000,0
150160,2000,0
150170,2000,1
150175,2000,1
150180,2000,1
150190,2000,0
150200,2000,0
150210,2000,1
150220,2000,1
150230,2000,1
150240,2000,1
150250,2000,0
150260,2000,1
150270,2000,1
150275,2000,0
150277,2000,0
150280,2000,0
150290,2000,1
150293,2000,1
150307,2000,0
150310,2000,0
150320,2000,1
150330,2000,1
150340,2000,1
150350,2000,0
150360,2000,1
150390,2000,1
150400,2000,0
150405,2000,1
150410,2000,0
150420,2000,1
150430,2000,0
150440,2000,0
150450,2000,0
150460,2000,1
150480,2000,1
150490,2000,1
150500,2000,0
150510,2000,1
150520,2000,0
150530,2000,1
150540,2000,0
150543,2000,1
150550,2000,1
150553,2000,1
150560,2000,1
150570,2000,0
150580,2000,0
150600,2000,1
150610,2000,0
150613,2000,1
150616,2000,1
150619,2000,0
150620,2000,0
150630,2000,0
150640,2000,0
150650,2000,1
150658,2000,0
150660,2000,1
150670,2000,1
150680,2000,1
150690,2000,0
150700,2000,1
150710,2000,0
150720,2000,0
150730,2000,1
150740,2000,1
150745,2000,1
150747,2000,0
150750,2000,0
150760,2000,1
150770,2000,0
150790,2000,0
150795,2000,0
150800,2000,0
150808,2000,1
150815,2000,0
150820,2000,1
150840,2000,0
160010,2000,0
160020,2000,0
160027,2000,0
160030,2000,1
160040,2000,0
160050,2000,0
160060,2000,1
160070,2000,0
170035,2000,1
170040,2000,1
170100,2000,1
170110,2000,1
170190,2000,1
170200,2000,1
170210,2000,1
170230,2000,1
170240,2000,1
170255,2000,1
170270,2000,1
170290,2000,1
170300,2000,1
170320,2000,1
170390,2000,1
170550,2000,1
170555,2000,1
170600,2000,1
170610,2000,1
170700,2000,1
170710,2000,1
170720,2000,1
170755,2000,1
170770,2000,1
170830,2000,1
170930,2000,1
170950,2000,1
171050,2000,1
171110,2000,1
171240,2000,1
171250,2000,1
171320,2000,1
171330,2000,1
171360,2000,1
171420,2000,1
171488,2000,1
171500,2000,1
171575,2000,1
171610,2000,1
171620,2000,1
171650,2000,1
171660,2000,1
171665,2000,1
171670,2000,1
171700,2000,0
171750,2000,1
171780,2000,0
171790,2000,1
171800,2000,1
171820,2000,1
171840,2000,1
171875,2000,1
171880,2000,0
171890,2000,0
171900,2000,1
172049,2000,1
172065,2000,1
172080,2000,0
172090,2000,1
172100,2000,1
172110,2000,1
172208,2000,1
172210,2000,1
210010,2000,0
210020,2000,0
210030,2000,0
210040,2000,0
210050,2000,0
210060,2000,0
210070,2000,0
210080,2000,1
210090,2000,0
210095,2000,0
210100,2000,0
210110,2000,0
210130,2000,0
210140,2000,0
210150,2000,0
210160,2000,1
210170,2000,0
210190,2000,0
210200,2000,0
210210,2000,1
210220,2000,0
210230,2000,0
210240,2000,0
210250,2000,0
210260,2000,0
210280,2000,0
210290,2000,0
210300,2000,0
210310,2000,0
210320,2000,0
210330,2000,1
210340,2000,1
210350,2000,0
210370,2000,0
210380,2000,0
210390,2000,0
210400,2000,0
210405,2000,0
210410,2000,0
210420,2000,1
210440,2000,0
210450,2000,0
210460,2000,1
210470,2000,1
210480,2000,1
210490,2000,0
210500,2000,0
210510,2000,1
210520,2000,0
210530,2000,1
210540,2000,1
210550,2000,0
210560,2000,0
210570,2000,0
210580,2000,0
210590,2000,0
210610,2000,0
210630,2000,1
210640,2000,1
210660,2000,0
210670,2000,1
210675,2000,0
210680,2000,0
210690,2000,0
210700,2000,0
210710,2000,0
210720,2000,0
210730,2000,1
210740,2000,1
210750,2000,1
210760,2000,0
210770,2000,0
210780,2000,0
210790,2000,0
210800,2000,0
210810,2000,0
210820,2000,0
210830,2000,1
210840,2000,0
210850,2000,0
210860,2000,0
210870,2000,1
210880,2000,0
210890,2000,0
210900,2000,1
210910,2000,1
210920,2000,1
210930,2000,1
210940,2000,0
210950,2000,0
210960,2000,1
210970,2000,0
210980,2000,1
210990,2000,0
211000,2000,0
211020,2000,1
211040,2000,0
211050,2000,1
211060,2000,0
211070,2000,0
211080,2000,0
211090,2000,1
211110,2000,0
211120,2000,1
211130,2000,1
211160,2000,0
211180,2000,1
211200,2000,0
211210,2000,0
211220,2000,1
211230,2000,1
211240,2000,0
211260,2000,0
211270,2000,1
211280,2000,1
211290,2000,1
211300,2000,1
211400,2000,0
220025,2000,1
220030,2000,1
220040,2000,1
220050,2000,1
220060,2000,1
220090,2000,1
220180,2000,1
220190,2000,1
220210,2000,1
220220,2000,1
220240,2000,1
220260,2000,1
220270,2000,1
220280,2000,1
220290,2000,1
220300,2000,1
220310,2000,1
220320,2000,1
220335,2000,1
220340,2000,1
220342,2000,1
220360,2000,1
220380,2000,1
220390,2000,1
220400,2000,1
220410,2000,1
220420,2000,1
220430,2000,1
220440,2000,1
220450,2000,1
220460,2000,1
220470,2000,1
220480,2000,1
220490,2000,1
220500,2000,1
220510,2000,1
220520,2000,1
220530,2000,0
220550,2000,1
220560,2000,1
220580,2000,1
220620,2000,1
220630,2000,1
220650,2000,1
220660,2000,1
220670,2000,1
220680,2000,1
220700,2000,1
220720,2000,1
220740,2000,1
220760,2000,1
220780,2000,1
220800,2000,1
220820,2000,0
220830,2000,1
220850,2000,1
220860,2000,1
220870,2000,1
220880,2000,1
220890,2000,1
220900,2000,1
220910,2000,1
220920,2000,0
220930,2000,1
220940,2000,1
220950,2000,1
220960,2000,1
220970,2000,1
220980,2000,1
220985,2000,1
220990,2000,0
221000,2000,1
221010,2000,1
221020,2000,1
221030,2000,1
221040,2000,1
221050,2000,1
221060,2000,1
221070,2000,1
221080,2000,1
221100,2000,1
221110,2000,1
221120,2000,1
221130,2000,1
230010,2000,1
230015,2000,1
230020,2000,1
230030,2000,1
230040,2000,1
230050,2000,0
230060,2000,1
230070,2000,0
230075,2000,1
230080,2000,1
230090,2000,1
230100,2000,1
230110,2000,1
230120,2000,1
230130,2000,1
230140,2000,1
230150,2000,1
230160,2000,1
230170,2000,1
230180,2000,1
230185,2000,1
230190,2000,1
230195,2000,1
230200,2000,1
230205,2000,1
230210,2000,1
230220,2000,1
230230,2000,1
230240,2000,1
230250,2000,1
230260,2000,1
230270,2000,1
230280,2000,1
230290,2000,1
230300,2000,1
230310,2000,1
230320,2000,1
230330,2000,1
230340,2000,1
230350,2000,1
230360,2000,1
230370,2000,1
230380,2000,1
230390,2000,1
230395,2000,1
230400,2000,1
230410,2000,1
230420,2000,1
230423,2000,1
230425,2000,1
230426,2000,1
230427,2000,1
230428,2000,0
230430,2000,1
230435,2000,1
230440,2000,1
230450,2000,1
230460,2000,1
230465,2000,1
230470,2000,1
230480,2000,1
230490,2000,1
230495,2000,1
230500,2000,1
230510,2000,1
230520,2000,1
230523,2000,1
230526,2000,1
230530,2000,1
230533,2000,1
230535,2000,1
230540,2000,1
230550,2000,1
230560,2000,1
230565,2000,1
230570,2000,1
230580,2000,1
230590,2000,1
230600,2000,1
230610,2000,1
230620,2000,1
230630,2000,1
230640,2000,1
230650,2000,1
230655,2000,1
230660,2000,1
230670,2000,1
230680,2000,1
230690,2000,1
230700,2000,1
230710,2000,1
230720,2000,1
230730,2000,1
230740,2000,1
230750,2000,1
230760,2000,1
230763,2000,1
230765,2000,1
230770,2000,1
230780,2000,1
230790,2000,1
230800,2000,1
230810,2000,1
230820,2000,1
230830,2000,1
230835,2000,1
230837,2000,0
230840,2000,1
230850,2000,1
230860,2000,1
230870,2000,1
230880,2000,1
230890,2000,1
230900,2000,1
230910,2000,1
230920,2000,1
230930,2000,1
230940,2000,1
230945,2000,1
230950,2000,1
230960,2000,1
230970,2000,1
230980,2000,1
230990,2000,1
231000,2000,1
231010,2000,1
231020,2000,1
231025,2000,1
231030,2000,1
231040,2000,1
231050,2000,1
231060,2000,1
231070,2000,1
231080,2000,1
231085,2000,1
231090,2000,1
231095,2000,1
231100,2000,1
231110,2000,1
231120,2000,1
231123,2000,1
231126,2000,1
231130,2000,1
231135,2000,1
231140,2000,1
231150,2000,1
231160,2000,1
231170,2000,1
231180,2000,1
231190,2000,1
231195,2000,1
231200,2000,1
231210,2000,1
231220,2000,1
231230,2000,1
231240,2000,1
231250,2000,1
231260,2000,1
231270,2000,1
231280,2000,1
231290,2000,1
231300,2000,1
231310,2000,1
231320,2000,1
231325,2000,1
231330,2000,1
231335,2000,1
231340,2000,1
231350,2000,1
231355,2000,1
231360,2000,1
231370,2000,1
231375,2000,1
231380,2000,1
231390,2000,1
231395,2000,1
231400,2000,1
231410,2000,1
240010,2000,1
240020,2000,1
240030,2000,0
240040,2000,1
240050,2000,1
240060,2000,1
240070,2000,1
240080,2000,1
240090,2000,1
240100,2000,0
240110,2000,1
240120,2000,0
240130,2000,1
240140,2000,0
240145,2000,1
240150,2000,1
240160,2000,0
240170,2000,0
240180,2000,0
240190,2000,0
240200,2000,0
240210,2000,0
240220,2000,1
240230,2000,0
240240,2000,1
240250,2000,1
240260,2000,0
240270,2000,0
240280,2000,1
240290,2000,1
240300,2000,1
240310,2000,0
240320,2000,1
240325,2000,1
240330,2000,0
240340,2000,1
240350,2000,0
240360,2000,0
240370,2000,0
240380,2000,1
240390,2000,0
240400,2000,1
240410,2000,0
240420,2000,0
240430,2000,1
240440,2000,0
240450,2000,0
240460,2000,0
240470,2000,0
240480,2000,1
240490,2000,0
240500,2000,1
240510,2000,0
240520,2000,1
240530,2000,1
240540,2000,1
240550,2000,0
240560,2000,0
240570,2000,0
240580,2000,1
240590,2000,1
240600,2000,1
240610,2000,0
240620,2000,0
240630,2000,0
240640,2000,1
240650,2000,1
240660,2000,0
240670,2000,0
240680,2000,1
240690,2000,1
240700,2000,1
240710,2000,1
240720,2000,0
240730,2000,1
240740,2000,1
240750,2000,1
240760,2000,0
240770,2000,0
240780,2000,0
240790,2000,1
240800,2000,1
240810,2000,1
240820,2000,0
240830,2000,0
240840,2000,1
240850,2000,0
240860,2000,1
240870,2000,0
240880,2000,0
240890,2000,1
240910,2000,1
240920,2000,0
240930,2000,0
240940,2000,1
240950,2000,1
240960,2000,1
240970,2000,0
240980,2000,1
240990,2000,0
241000,2000,1
241010,2000,0
241020,2000,1
241030,2000,1
241040,2000,0
241050,2000,0
241060,2000,1
241070,2000,1
241080,2000,1
241090,2000,0
241100,2000,1
241110,2000,1
241120,2000,1
241140,2000,0
241142,2000,0
241150,2000,0
241160,2000,1
241170,2000,1
241180,2000,0
241190,2000,0
241200,2000,1
241210,2000,1
241220,2000,1
241230,2000,1
241240,2000,1
241250,2000,1
241260,2000,1
241270,2000,1
241280,2000,0
241290,2000,1
241300,2000,1
241310,2000,0
241320,2000,1
241330,2000,0
241335,2000,0
241340,2000,1
241350,2000,0
241360,2000,0
241370,2000,1
241380,2000,0
241390,2000,1
241400,2000,0
241410,2000,1
241420,2000,0
241430,2000,0
241440,2000,1
241450,2000,1
241460,2000,0
241470,2000,0
241480,2000,0
241490,2000,1
241500,2000,0
250010,2000,0
250020,2000,1
250030,2000,1
250040,2000,0
250050,2000,1
250060,2000,1
250070,2000,1
250080,2000,1
250090,2000,1
250100,2000,1
250110,2000,1
250120,2000,1
250130,2000,1
250140,2000,1
250150,2000,0
250160,2000,1
250170,2000,1
250180,2000,1
250190,2000,1
250200,2000,1
250210,2000,1
250220,2000,1
250230,2000,1
250240,2000,1
250250,2000,1
250260,2000,1
250270,2000,1
250280,2000,1
250290,2000,1
250300,2000,1
250310,2000,1
250320,2000,1
250330,2000,0
250340,2000,1
250350,2000,0
250360,2000,0
250370,2000,1
250390,2000,0
250400,2000,1
250410,2000,0
250420,2000,1
250430,2000,1
250440,2000,0
250450,2000,1
250460,2000,1
250470,2000,1
250480,2000,0
250490,2000,1
250500,2000,1
250510,2000,1
250520,2000,1
250530,2000,0
250540,2000,1
250550,2000,0
250560,2000,0
250570,2000,1
250580,2000,0
250590,2000,0
250600,2000,1
250610,2000,1
250620,2000,1
250630,2000,1
250650,2000,0
250660,2000,1
250670,2000,1
250680,2000,0
250690,2000,1
250700,2000,0
250710,2000,0
250720,2000,1
250730,2000,1
250740,2000,0
250750,2000,1
250760,2000,0
250780,2000,1
250790,2000,0
250800,2000,1
250810,2000,0
250820,2000,1
250830,2000,1
250840,2000,0
250850,2000,0
250860,2000,1
250870,2000,1
250880,2000,0
250890,2000,1
250900,2000,0
250910,2000,1
250920,2000,0
250930,2000,0
250940,2000,1
250950,2000,1
250960,2000,0
250970,2000,1
250980,2000,1
250990,2000,0
251000,2000,0
251010,2000,1
251020,2000,1
251030,2000,1
251040,2000,1
251050,2000,0
251060,2000,0
251070,2000,1
251080,2000,1
251090,2000,1
251100,2000,0
251110,2000,1
251120,2000,1
251130,2000,1
251140,2000,1
251150,2000,1
251160,2000,0
251170,2000,1
251180,2000,1
251190,2000,1
251200,2000,1
251210,2000,1
251220,2000,1
251230,2000,1
251240,2000,1
251250,2000,0
251260,2000,1
251270,2000,1
251280,2000,1
251290,2000,1
251300,2000,1
251310,2000,1
251320,2000,1
251330,2000,1
251340,2000,1
251350,2000,1
251360,2000,1
251370,2000,1
251380,2000,1
251390,2000,1
251400,2000,1
251410,2000,1
251420,2000,0
251430,2000,1
251440,2000,1
251450,2000,0
251460,2000,1
251470,2000,1
251480,2000,0
251490,2000,1
251500,2000,1
251510,2000,1
251520,2000,0
251530,2000,1
251540,2000,1
251550,2000,1
251560,2000,0
251570,2000,1
251580,2000,1
251590,2000,0
251600,2000,1
251610,2000,1
251620,2000,1
251630,2000,1
251640,2000,1
251650,2000,1
251660,2000,0
251670,2000,1
251680,2000,1
251690,2000,1
251700,2000,1
251710,2000,1
260005,2000,1
260010,2000,1
260020,2000,1
260030,2000,1
260040,2000,1
260050,2000,0
260060,2000,0
260070,2000,0
260080,2000,1
260090,2000,1
260100,2000,1
260110,2000,1
260120,2000,1
260130,2000,1
260140,2000,1
260150,2000,1
260160,2000,0
260170,2000,1
260180,2000,1
260190,2000,1
260200,2000,1
260210,2000,1
260220,2000,1
260230,2000,1
260240,2000,1
260250,2000,1
260260,2000,1
260270,2000,1
260280,2000,1
260290,2000,1
260300,2000,1
260310,2000,1
260320,2000,1
260330,2000,1
260340,2000,1
260345,2000,1
260350,2000,1
260360,2000,1
260370,2000,1
260380,2000,0
260390,2000,0
260400,2000,1
260410,2000,1
260420,2000,1
260430,2000,1
260440,2000,1
260450,2000,1
260460,2000,1
260470,2000,1
260480,2000,0
260490,2000,1
260500,2000,1
260510,2000,0
260520,2000,1
260530,2000,1
260540,2000,1
260545,2000,1
260550,2000,0
260560,2000,1
260570,2000,1
260580,2000,1
260590,2000,1
260600,2000,1
260610,2000,1
260620,2000,1
260630,2000,1
260640,2000,1
260650,2000,0
260660,2000,1
260670,2000,1
260680,2000,1
260690,2000,0
260700,2000,0
260710,2000,1
260720,2000,1
260730,2000,1
260740,2000,1
260750,2000,0
260760,2000,1
260765,2000,1
260770,2000,0
260775,2000,1
260780,2000,0
260790,2000,1
260800,2000,0
260810,2000,1
260820,2000,1
260830,2000,1
260840,2000,1
260850,2000,1
260860,2000,1
260870,2000,1
260880,2000,1
260890,2000,1
260900,2000,0
260910,2000,1
260920,2000,1
260930,2000,1
260940,2000,1
260950,2000,1
260960,2000,1
260970,2000,1
260980,2000,1
260990,2000,1
261000,2000,1
261010,2000,1
261020,2000,1
261030,2000,1
261040,2000,1
261050,2000,1
261060,2000,1
261070,2000,1
261080,2000,1
261090,2000,0
261100,2000,1
261110,2000,1
261120,2000,1
261130,2000,1
261140,2000,1
261150,2000,1
261160,2000,1
261170,2000,1
261180,2000,1
261190,2000,1
261200,2000,0
261210,2000,1
261220,2000,1
261230,2000,1
261240,2000,1
261250,2000,1
261260,2000,1
261270,2000,1
261280,2000,1
261290,2000,1
261300,2000,0
261310,2000,1
261320,2000,1
261330,2000,0
261340,2000,1
261350,2000,1
261360,2000,0
261370,2000,1
261380,2000,1
261390,2000,0
261400,2000,1
261410,2000,1
261420,2000,1
261430,2000,1
261440,2000,1
261450,2000,1
261460,2000,1
261470,2000,1
261480,2000,1
261500,2000,0
261510,2000,0
261520,2000,1
261530,2000,1
261540,2000,1
261550,2000,1
261560,2000,1
261570,2000,1
261580,2000,0
261590,2000,1
261600,2000,0
261610,2000,0
261620,2000,1
261630,2000,1
261640,2000,1
270010,2000,1
270020,2000,1
270030,2000,1
270040,2000,1
270050,2000,1
270060,2000,1
270070,2000,1
270080,2000,1
270090,2000,1
270100,2000,1
270110,2000,1
270130,2000,1
270140,2000,1
270150,2000,1
270160,2000,1
270170,2000,1
270180,2000,1
270190,2000,1
270200,2000,1
270210,2000,1
270220,2000,1
270230,2000,1
270235,2000,1
270240,2000,1
270250,2000,1
270260,2000,1
270270,2000,1
270280,2000,1
270290,2000,1
270300,2000,1
270310,2000,1
270320,2000,1
270330,2000,1
270340,2000,1
270350,2000,1
270360,2000,1
270370,2000,1
270380,2000,1
270390,2000,1
270400,2000,1
270410,2000,1
270420,2000,1
270430,2000,1
270440,2000,1
270450,2000,1
270460,2000,1
270470,2000,1
270480,2000,1
270490,2000,1
270500,2000,1
270510,2000,1
270520,2000,1
270540,2000,1
270550,2000,1
270560,2000,1
270570,2000,1
270580,2000,1
270590,2000,1
270600,2000,1
270610,2000,1
270620,2000,1
270630,2000,1
270640,2000,1
270650,2000,1
270660,2000,1
270670,2000,1
270680,2000,1
270690,2000,1
270700,2000,1
270710,2000,1
270720,2000,1
270730,2000,1
270740,2000,1
270750,2000,1
270760,2000,1
270770,2000,1
270780,2000,1
270790,2000,1
270800,2000,1
270810,2000,1
270820,2000,1
270830,2000,1
270840,2000,1
270850,2000,1
270860,2000,1
270870,2000,1
270880,2000,1
270890,2000,1
270895,2000,1
270900,2000,1
270910,2000,1
270915,2000,1
270920,2000,1
270930,2000,1
270940,2000,1
280010,2000,1
280020,2000,0
280030,2000,1
280040,2000,1
280050,2000,1
280060,2000,1
280067,2000,1
280070,2000,1
280100,2000,1
280110,2000,1
280120,2000,1
280130,2000,1
280140,2000,1
280150,2000,1
280160,2000,1
280170,2000,1
280190,2000,0
280200,2000,1
280210,2000,1
280220,2000,0
280230,2000,1
280240,2000,1
280250,2000,1
280260,2000,0
280270,2000,1
280280,2000,1
280290,2000,0
280300,2000,0
280310,2000,0
280320,2000,0
280330,2000,1
280340,2000,0
280350,2000,1
280360,2000,0
280370,2000,1
280380,2000,1
280390,2000,1
280400,2000,1
280410,2000,1
280420,2000,0
280430,2000,1
280440,2000,1
280445,2000,0
280450,2000,1
280460,2000,0
280470,2000,0
280480,2000,1
280490,2000,1
280500,2000,1
280510,2000,1
280520,2000,1
280530,2000,1
280540,2000,1
280550,2000,1
280560,2000,1
280570,2000,1
280580,2000,1
280590,2000,0
280600,2000,1
280610,2000,1
280620,2000,1
280630,2000,1
280650,2000,1
280660,2000,0
280670,2000,1
280680,2000,1
280690,2000,1
280700,2000,0
280710,2000,0
280720,2000,1
280730,2000,1
280740,2000,1
280750,2000,1
280760,2000,1
290010,2000,0
290020,2000,0
290030,2000,0
290035,2000,0
290040,2000,0
290050,2000,0
290060,2000,0
290070,2000,1
290080,2000,0
290090,2000,0
290100,2000,1
290110,2000,0
290115,2000,0
290120,2000,0
290130,2000,0
290135,2000,0
290140,2000,0
290150,2000,0
290160,2000,0
290170,2000,0
290180,2000,0
290190,2000,0
290195,2000,0
290200,2000,0
290205,2000,0
290210,2000,0
290220,2000,0
290225,2000,0
290230,2000,0
290240,2000,0
290250,2000,0
290260,2000,0
290265,2000,0
290270,2000,0
290280,2000,0
290290,2000,1
290300,2000,0
290310,2000,0
290320,2000,0
290323,2000,0
290330,2000,0
290340,2000,0
290350,2000,0
290360,2000,0
290370,2000,0
290380,2000,0
290390,2000,0
290395,2000,0
290400,2000,0
290405,2000,0
290410,2000,0
290420,2000,0
290430,2000,0
290440,2000,0
290450,2000,0
290460,2000,0
290470,2000,1
290475,2000,0
290480,2000,0
290485,2000,1
290490,2000,1
290500,2000,0
290510,2000,0
290515,2000,0
290520,2000,0
290530,2000,0
290540,2000,1
290550,2000,0
290560,2000,1
290570,2000,1
290580,2000,0
290590,2000,0
290600,2000,0
290610,2000,0
290620,2000,0
290630,2000,1
290640,2000,0
290650,2000,0
290660,2000,0
290670,2000,0
290680,2000,0
290682,2000,0
290685,2000,1
290687,2000,0
290689,2000,0
290690,2000,0
290700,2000,0
290710,2000,0
290720,2000,0
290730,2000,0
290740,2000,1
290750,2000,1
290755,2000,0
290760,2000,0
290770,2000,0
290780,2000,0
290790,2000,0
290800,2000,0
290810,2000,0
290820,2000,0
290830,2000,1
290840,2000,0
290850,2000,0
290860,2000,0
290870,2000,0
290880,2000,0
290890,2000,0
290900,2000,0
290910,2000,0
290920,2000,0
290930,2000,0
290940,2000,0
290950,2000,0
290960,2000,0
290970,2000,0
290980,2000,0
290990,2000,1
291000,2000,0
291005,2000,0
291010,2000,0
291020,2000,0
291030,2000,0
291040,2000,0
291050,2000,1
291060,2000,0
291070,2000,0
291072,2000,1
291075,2000,0
291077,2000,0
291080,2000,1
291085,2000,0
291090,2000,0
291100,2000,0
291110,2000,0
291120,2000,0
291125,2000,0
291130,2000,0
291140,2000,0
291150,2000,0
291160,2000,0
291165,2000,0
291170,2000,1
291180,2000,0
291185,2000,0
291190,2000,0
291200,2000,0
291210,2000,1
291220,2000,0
291230,2000,0
291240,2000,0
291250,2000,0
291260,2000,0
291270,2000,0
291280,2000,1
291290,2000,0
291300,2000,0
291310,2000,0
291320,2000,0
291330,2000,0
291340,2000,0
291345,2000,0
291350,2000,0
291360,2000,1
291370,2000,0
291380,2000,1
291390,2000,1
291400,2000,0
291410,2000,0
291420,2000,0
291430,2000,0
291440,2000,0
291450,2000,0
291460,2000,0
291465,2000,0
291470,2000,0
291480,2000,1
291490,2000,0
291500,2000,0
291510,2000,1
291520,2000,0
291530,2000,0
291535,2000,0
291540,2000,0
291550,2000,0
291560,2000,0
291570,2000,0
291580,2000,0
291590,2000,0
291600,2000,0
291610,2000,0
291620,2000,0
291630,2000,0
291640,2000,0
291650,2000,1
291660,2000,0
291670,2000,1
291680,2000,0
291685,2000,0
291690,2000,0
291700,2000,0
291710,2000,0
291720,2000,0
291730,2000,1
291733,2000,0
291735,2000,0
291740,2000,0
291750,2000,0
291760,2000,1
291770,2000,0
291780,2000,0
291790,2000,1
291800,2000,1
291810,2000,0
291820,2000,0
291830,2000,1
291835,2000,0
291840,2000,0
291845,2000,0
291850,2000,0
291855,2000,1
291860,2000,1
291870,2000,1
291875,2000,0
291880,2000,0
291890,2000,1
291900,2000,0
291905,2000,0
291910,2000,0
291915,2000,0
291920,2000,1
291930,2000,1
291940,2000,0
291950,2000,1
291960,2000,0
291970,2000,0
291980,2000,0
291990,2000,0
291992,2000,1
291995,2000,0
292000,2000,0
292010,2000,0
292020,2000,0
292030,2000,0
292040,2000,0
292045,2000,0
292050,2000,0
292060,2000,1
292070,2000,0
292080,2000,0
292090,2000,0
292100,2000,0
292105,2000,0
292110,2000,1
292120,2000,0
292130,2000,0
292140,2000,0
292145,2000,0
292150,2000,0
292160,2000,0
292170,2000,0
292180,2000,0
292190,2000,1
292200,2000,1
292205,2000,0
292210,2000,0
292220,2000,0
292225,2000,0
292230,2000,0
292240,2000,1
292250,2000,1
292260,2000,1
292265,2000,0
292270,2000,0
292273,2000,0
292275,2000,0
292280,2000,0
292285,2000,0
292290,2000,0
292300,2000,1
292303,2000,0
292305,2000,0
292310,2000,0
292320,2000,0
292330,2000,0
292335,2000,0
292340,2000,0
292350,2000,0
292360,2000,0
292370,2000,0
292380,2000,0
292390,2000,0
292400,2000,0
292405,2000,0
292410,2000,1
292420,2000,0
292430,2000,0
292440,2000,0
292450,2000,0
292460,2000,1
292465,2000,0
292467,2000,0
292470,2000,0
292480,2000,0
292490,2000,0
292500,2000,0
292510,2000,0
292520,2000,0
292525,2000,1
292530,2000,1
292540,2000,0
292550,2000,0
292560,2000,0
292570,2000,0
292575,2000,1
292580,2000,0
292590,2000,0
292593,2000,0
292595,2000,0
292600,2000,1
292610,2000,0
292620,2000,0
292630,2000,0
292640,2000,0
292650,2000,0
292660,2000,1
292665,2000,0
292670,2000,1
292680,2000,0
292690,2000,0
292700,2000,0
292710,2000,0
292720,2000,0
292730,2000,1
292740,2000,1
292750,2000,0
292760,2000,0
292770,2000,0
292780,2000,0
292790,2000,0
292800,2000,0
292805,2000,0
292810,2000,0
292820,2000,0
292830,2000,0
292840,2000,0
292850,2000,0
292860,2000,0
292870,2000,1
292880,2000,1
292890,2000,0
292895,2000,1
292900,2000,0
292905,2000,0
292910,2000,0
292920,2000,1
292925,2000,0
292930,2000,1
292935,2000,0
292937,2000,0
292940,2000,0
292950,2000,1
292960,2000,0
292970,2000,0
292975,2000,0
292980,2000,1
292990,2000,0
293000,2000,0
293010,2000,0
293015,2000,0
293020,2000,0
293030,2000,0
293040,2000,0
293050,2000,0
293060,2000,0
293070,2000,0
293075,2000,0
293076,2000,0
293077,2000,0
293080,2000,0
293090,2000,0
293100,2000,0
293105,2000,0
293110,2000,0
293120,2000,0
293130,2000,0
293135,2000,1
293140,2000,0
293150,2000,0
293160,2000,0
293170,2000,0
293180,2000,0
293190,2000,0
293200,2000,0
293210,2000,0
293220,2000,0
293230,2000,0
293240,2000,0
293245,2000,0
293250,2000,0
293260,2000,0
293270,2000,0
293280,2000,0
293290,2000,0
293300,2000,0
293305,2000,0
293310,2000,0
293315,2000,0
293317,2000,0
293320,2000,0
293325,2000,0
293330,2000,1
293340,2000,0
293345,2000,0
293350,2000,0
293360,2000,0
310010,2000,0
310020,2000,1
310030,2000,1
310040,2000,0
310050,2000,1
310060,2000,0
310070,2000,1
310080,2000,1
310090,2000,1
310100,2000,0
310110,2000,0
310120,2000,0
310130,2000,0
310140,2000,0
310150,2000,1
310160,2000,1
310170,2000,1
310180,2000,0
310190,2000,1
310200,2000,0
310210,2000,1
310220,2000,0
310230,2000,0
310240,2000,1
310250,2000,0
310260,2000,0
310270,2000,0
310280,2000,1
310290,2000,1
310300,2000,0
310310,2000,0
310320,2000,1
310330,2000,1
310340,2000,1
310350,2000,1
310360,2000,1
310370,2000,1
310380,2000,1
310390,2000,0
310400,2000,1
310410,2000,0
310420,2000,1
310430,2000,0
310440,2000,1
310450,2000,1
310460,2000,1
310470,2000,1
310480,2000,1
310490,2000,1
310500,2000,1
310510,2000,0
310520,2000,1
310530,2000,1
310540,2000,1
310550,2000,0
310560,2000,1
310570,2000,1
310590,2000,0
310600,2000,1
310610,2000,0
310620,2000,0
310630,2000,0
310640,2000,0
310650,2000,1
310660,2000,1
310670,2000,0
310680,2000,1
310690,2000,0
310700,2000,1
310710,2000,1
310720,2000,0
310730,2000,1
310740,2000,0
310750,2000,0
310760,2000,1
310770,2000,0
310780,2000,0
310790,2000,0
310800,2000,1
310810,2000,0
310820,2000,1
310830,2000,0
310840,2000,0
310850,2000,1
310860,2000,1
310870,2000,0
310880,2000,1
310890,2000,1
310900,2000,0
310910,2000,0
310920,2000,1
310930,2000,1
310940,2000,1
310950,2000,0
310960,2000,1
310970,2000,0
310980,2000,1
310990,2000,1
311000,2000,1
311010,2000,1
311020,2000,1
311030,2000,0
311040,2000,0
311050,2000,0
311060,2000,0
311070,2000,1
311080,2000,0
311090,2000,0
311100,2000,1
311110,2000,0
311120,2000,1
311130,2000,0
311140,2000,1
311150,2000,1
311160,2000,1
311170,2000,1
311180,2000,0
311190,2000,0
311200,2000,1
311210,2000,1
311220,2000,1
311230,2000,1
311240,2000,1
311250,2000,0
311260,2000,1
311270,2000,1
311280,2000,1
311290,2000,1
311300,2000,0
311310,2000,0
311320,2000,0
311330,2000,1
311340,2000,1
311350,2000,1
311360,2000,1
311370,2000,1
311380,2000,1
311390,2000,1
311400,2000,1
311410,2000,1
311420,2000,1
311430,2000,1
311440,2000,1
311450,2000,0
311460,2000,0
311470,2000,0
311480,2000,1
311490,2000,0
311500,2000,1
311510,2000,0
311520,2000,1
311530,2000,1
311540,2000,0
311550,2000,1
311560,2000,1
311570,2000,1
311580,2000,0
311590,2000,0
311600,2000,1
311610,2000,0
311620,2000,1
311630,2000,1
311640,2000,1
311650,2000,1
311660,2000,1
311670,2000,0
311680,2000,1
311690,2000,1
311700,2000,1
311710,2000,0
311720,2000,0
311730,2000,1
311740,2000,1
311750,2000,0
311760,2000,0
311770,2000,1
311780,2000,0
311790,2000,0
311800,2000,1
311810,2000,1
311820,2000,1
311830,2000,1
311840,2000,0
311850,2000,0
311860,2000,1
311870,2000,0
311880,2000,1
311890,2000,1
311900,2000,0
311910,2000,1
311920,2000,0
311930,2000,1
311940,2000,1
311950,2000,0
311960,2000,1
311970,2000,1
311980,2000,0
311990,2000,0
312000,2000,0
312010,2000,1
312020,2000,1
312030,2000,1
312040,2000,1
312050,2000,1
312060,2000,0
312070,2000,0
312080,2000,1
312090,2000,1
312100,2000,1
312110,2000,1
312120,2000,1
312130,2000,1
312140,2000,0
312150,2000,0
312160,2000,1
312170,2000,0
312180,2000,1
312190,2000,0
312200,2000,1
312210,2000,0
312220,2000,1
312230,2000,1
312240,2000,0
312250,2000,0
312260,2000,0
312270,2000,0
312280,2000,0
312290,2000,1
312300,2000,0
312310,2000,1
312320,2000,1
312330,2000,1
312340,2000,1
312350,2000,0
312360,2000,0
312370,2000,0
312380,2000,1
312390,2000,1
312400,2000,1
312410,2000,0
312420,2000,1
312430,2000,0
312440,2000,1
312450,2000,0
312460,2000,1
312470,2000,1
312480,2000,0
312490,2000,1
312500,2000,0
312510,2000,1
312520,2000,0
312530,2000,1
312540,2000,0
312550,2000,1
312560,2000,0
312570,2000,1
312580,2000,0
312590,2000,1
312600,2000,0
312610,2000,1
312620,2000,1
312630,2000,1
312640,2000,0
312650,2000,0
312660,2000,0
312670,2000,1
312680,2000,0
312690,2000,1
312700,2000,1
312705,2000,1
312710,2000,1
312720,2000,1
312730,2000,0
312740,2000,1
312750,2000,0
312760,2000,1
312770,2000,1
312780,2000,1
312790,2000,0
312800,2000,1
312810,2000,1
312820,2000,0
312830,2000,1
312840,2000,1
312850,2000,1
312860,2000,1
312870,2000,0
312880,2000,1
312890,2000,0
312900,2000,1
312910,2000,0
312920,2000,0
312930,2000,0
312940,2000,0
312950,2000,1
312960,2000,0
312970,2000,1
312980,2000,1
312990,2000,0
313000,2000,1
313010,2000,0
313020,2000,1
313030,2000,0
313040,2000,0
313050,2000,1
313060,2000,0
313070,2000,1
313080,2000,0
313090,2000,0
313100,2000,1
313110,2000,0
313120,2000,1
313130,2000,0
313140,2000,1
313150,2000,0
313160,2000,0
313170,2000,1
313180,2000,1
313190,2000,0
313200,2000,1
313210,2000,1
313220,2000,0
313230,2000,1
313240,2000,1
313250,2000,1
313260,2000,1
313270,2000,1
313280,2000,1
313290,2000,1
313300,2000,1
313310,2000,1
313320,2000,0
313330,2000,1
313340,2000,1
313350,2000,1
313360,2000,0
313370,2000,0
313375,2000,0
313380,2000,1
313390,2000,0
313400,2000,0
313410,2000,0
313420,2000,1
313430,2000,0
313440,2000,1
313450,2000,0
313460,2000,1
313470,2000,1
313480,2000,1
313490,2000,1
313500,2000,0
313510,2000,1
313520,2000,1
313530,2000,1
313540,2000,0
313550,2000,0
313560,2000,1
313570,2000,1
313580,2000,1
313590,2000,0
313600,2000,1
313610,2000,0
313620,2000,1
313630,2000,1
313640,2000,0
313650,2000,1
313660,2000,1
313670,2000,1
313680,2000,1
313690,2000,0
313700,2000,1
313710,2000,1
313720,2000,1
313730,2000,0
313740,2000,1
313750,2000,1
313760,2000,1
313770,2000,1
313780,2000,0
313790,2000,1
313800,2000,1
313810,2000,1
313820,2000,1
313830,2000,1
313840,2000,1
313850,2000,1
313860,2000,1
313870,2000,1
313880,2000,0
313890,2000,1
313900,2000,1
313910,2000,1
313920,2000,1
313940,2000,1
313950,2000,1
313960,2000,1
313970,2000,1
313980,2000,0
313990,2000,1
314000,2000,0
314010,2000,0
314020,2000,0
314030,2000,1
314040,2000,0
314050,2000,1
314060,2000,1
314070,2000,0
314080,2000,0
314090,2000,1
314100,2000,1
314110,2000,1
314120,2000,1
314130,2000,0
314140,2000,1
314150,2000,0
314160,2000,1
314170,2000,1
314180,2000,0
314190,2000,0
314200,2000,1
314210,2000,1
314220,2000,1
314230,2000,0
314240,2000,1
314250,2000,1
314260,2000,1
314270,2000,1
314280,2000,0
314290,2000,1
314300,2000,1
314310,2000,1
314320,2000,1
314330,2000,1
314340,2000,1
314350,2000,1
314360,2000,0
314370,2000,1
314380,2000,0
314390,2000,1
314400,2000,0
314410,2000,0
314420,2000,0
314430,2000,1
314440,2000,0
314450,2000,0
314460,2000,0
314470,2000,1
314480,2000,0
314490,2000,1
314500,2000,1
314510,2000,0
314520,2000,1
314530,2000,0
314540,2000,0
314550,2000,1
314560,2000,1
314570,2000,1
314580,2000,0
314590,2000,1
314600,2000,0
314610,2000,1
314620,2000,1
314630,2000,1
314640,2000,1
314650,2000,0
314660,2000,0
314670,2000,1
314690,2000,0
314700,2000,1
314710,2000,0
314720,2000,0
314730,2000,0
314740,2000,1
314750,2000,0
314760,2000,1
314770,2000,0
314780,2000,1
314790,2000,1
314800,2000,0
314810,2000,1
314820,2000,1
314830,2000,1
314840,2000,0
314850,2000,1
314860,2000,0
314870,2000,0
314880,2000,0
314890,2000,0
314900,2000,1
314910,2000,0
314920,2000,1
314930,2000,1
314940,2000,0
314950,2000,0
314960,2000,1
314970,2000,0
314980,2000,1
314990,2000,1
315000,2000,1
315010,2000,0
315020,2000,0
315030,2000,1
315040,2000,0
315050,2000,1
315060,2000,1
315070,2000,1
315080,2000,1
315090,2000,1
315100,2000,1
315110,2000,1
315120,2000,1
315130,2000,1
315140,2000,0
315150,2000,1
315160,2000,1
315170,2000,1
315180,2000,1
315190,2000,0
315200,2000,1
315210,2000,0
315220,2000,1
315230,2000,0
315240,2000,1
315250,2000,0
315260,2000,0
315270,2000,1
315280,2000,1
315290,2000,1
315300,2000,1
315310,2000,1
315320,2000,1
315330,2000,0
315340,2000,1
315350,2000,1
315360,2000,1
315370,2000,0
315380,2000,0
315390,2000,0
315400,2000,0
315410,2000,0
315420,2000,1
315430,2000,0
315440,2000,0
315450,2000,1
315460,2000,1
315470,2000,0
315480,2000,0
315490,2000,1
315500,2000,0
315510,2000,0
315520,2000,0
315530,2000,1
315540,2000,0
315550,2000,0
315560,2000,1
315570,2000,0
315580,2000,1
315590,2000,0
315600,2000,0
315610,2000,1
315620,2000,1
315630,2000,0
315640,2000,1
315650,2000,1
315660,2000,0
315670,2000,0
315680,2000,1
315690,2000,1
315700,2000,1
315710,2000,1
315720,2000,1
315730,2000,1
315740,2000,1
315750,2000,1
315760,2000,0
315770,2000,1
315780,2000,1
315790,2000,0
315800,2000,1
315810,2000,1
315820,2000,0
315830,2000,1
315840,2000,1
315850,2000,1
315860,2000,1
315870,2000,1
315880,2000,1
315890,2000,1
315900,2000,1
315910,2000,0
315920,2000,1
315930,2000,1
315940,2000,0
315950,2000,0
315960,2000,0
315970,2000,0
315980,2000,1
315990,2000,1
316000,2000,1
316010,2000,0
316020,2000,0
316030,2000,0
316040,2000,1
316050,2000,0
316060,2000,1
316070,2000,0
316080,2000,1
316090,2000,1
316100,2000,1
316110,2000,1
316120,2000,1
316130,2000,1
316140,2000,1
316150,2000,1
316160,2000,0
316170,2000,1
316180,2000,1
316190,2000,0
316200,2000,0
316210,2000,1
316220,2000,1
316230,2000,1
316240,2000,1
316250,2000,1
316260,2000,1
316270,2000,1
316280,2000,0
316290,2000,1
316300,2000,0
316310,2000,0
316320,2000,1
316330,2000,1
316340,2000,1
316350,2000,1
316360,2000,1
316370,2000,1
316380,2000,1
316390,2000,1
316400,2000,0
316410,2000,1
316420,2000,1
316430,2000,1
316440,2000,0
316450,2000,0
316460,2000,1
316470,2000,1
316480,2000,0
316490,2000,0
316500,2000,1
316510,2000,1
316520,2000,1
316530,2000,1
316540,2000,0
316550,2000,1
316560,2000,1
316570,2000,1
316580,2000,1
316590,2000,1
316600,2000,1
316610,2000,1
316620,2000,1
316630,2000,1
316640,2000,0
316650,2000,1
316660,2000,1
316670,2000,1
316680,2000,1
316690,2000,0
316700,2000,0
316710,2000,1
316720,2000,0
316730,2000,0
316740,2000,1
316750,2000,1
316760,2000,0
316770,2000,0
316780,2000,0
316790,2000,1
316800,2000,1
316810,2000,1
316820,2000,0
316830,2000,0
316840,2000,0
316850,2000,1
316860,2000,1
316870,2000,1
316880,2000,0
316890,2000,1
316900,2000,1
316910,2000,0
316920,2000,1
316930,2000,1
316935,2000,1
316940,2000,1
316950,2000,0
316960,2000,0
316970,2000,1
316980,2000,0
316990,2000,1
317000,2000,1
317010,2000,1
317020,2000,1
317030,2000,1
317040,2000,0
317050,2000,0
317060,2000,1
317070,2000,0
317080,2000,0
317100,2000,1
317110,2000,1
317120,2000,1
317130,2000,1
317140,2000,1
317150,2000,0
317160,2000,0
317170,2000,1
317180,2000,1
317190,2000,1
317200,2000,1
317210,2000,1
317220,2000,1
320010,2000,0
320013,2000,0
320016,2000,1
320020,2000,1
320030,2000,0
320035,2000,1
320040,2000,1
320050,2000,1
320060,2000,1
320070,2000,1
320080,2000,0
320090,2000,1
320100,2000,1
320110,2000,1
320120,2000,1
320130,2000,0
320140,2000,0
320150,2000,1
320160,2000,0
320170,2000,1
320180,2000,1
320190,2000,1
320200,2000,0
320210,2000,1
320220,2000,1
320230,2000,0
320240,2000,0
320245,2000,1
320250,2000,0
320255,2000,1
320260,2000,1
320270,2000,0
320280,2000,0
320290,2000,0
320300,2000,1
320305,2000,1
320310,2000,1
320313,2000,1
320316,2000,1
320320,2000,0
320330,2000,1
320335,2000,1
320340,2000,1
320350,2000,0
320360,2000,1
320370,2000,1
320380,2000,1
320390,2000,0
320400,2000,1
320405,2000,0
320410,2000,0
320420,2000,1
320430,2000,0
320435,2000,1
320440,2000,0
320450,2000,0
320455,2000,1
320460,2000,0
320480,2000,1
320490,2000,0
320500,2000,0
320503,2000,1
320506,2000,0
320510,2000,1
320520,2000,0
320530,2000,1
330010,2000,1
330020,2000,1
330025,2000,1
330030,2000,0
330040,2000,1
330050,2000,1
330060,2000,1
330070,2000,1
330080,2000,0
330090,2000,0
330100,2000,1
330110,2000,1
330120,2000,1
330130,2000,0
330140,2000,0
330160,2000,0
330170,2000,1
330180,2000,1
330190,2000,1
330200,2000,1
330205,2000,0
330210,2000,0
330220,2000,1
330225,2000,0
330230,2000,0
330240,2000,1
330250,2000,0
330260,2000,0
330270,2000,1
330280,2000,0
330290,2000,1
330300,2000,0
330310,2000,0
330320,2000,1
330330,2000,1
330340,2000,1
330350,2000,1
330360,2000,1
330370,2000,1
330380,2000,0
330385,2000,1
330390,2000,1
330400,2000,1
330410,2000,0
330415,2000,0
330420,2000,1
330430,2000,1
330440,2000,1
330450,2000,1
330455,2000,1
330460,2000,0
330470,2000,1
330480,2000,0
330490,2000,0
330500,2000,0
330510,2000,1
330515,2000,1
330520,2000,1
330540,2000,0
330550,2000,1
330560,2000,1
330570,2000,1
330580,2000,1
330590,2000,0
330600,2000,1
330610,2000,0
330620,2000,1
330630,2000,1
350010,2000,0
350020,2000,1
350030,2000,1
350040,2000,0
350050,2000,0
350055,2000,0
350060,2000,0
350070,2000,0
350080,2000,1
350090,2000,1
350100,2000,1
350110,2000,0
350120,2000,0
350130,2000,1
350140,2000,1
350150,2000,1
350160,2000,0
350170,2000,0
350180,2000,0
350190,2000,1
350200,2000,1
350210,2000,1
350220,2000,1
350230,2000,0
350240,2000,1
350250,2000,0
350260,2000,1
350270,2000,0
350280,2000,0
350290,2000,0
350300,2000,1
350310,2000,0
350320,2000,1
350330,2000,1
350340,2000,0
350350,2000,1
350360,2000,0
350370,2000,0
350390,2000,0
350400,2000,1
350410,2000,0
350420,2000,0
350430,2000,0
350440,2000,0
350450,2000,0
350460,2000,0
350470,2000,0
350480,2000,0
350490,2000,1
350500,2000,0
350510,2000,0
350520,2000,1
350530,2000,0
350540,2000,0
350550,2000,0
350560,2000,1
350570,2000,0
350580,2000,1
350590,2000,1
350600,2000,0
350610,2000,1
350620,2000,1
350630,2000,0
350640,2000,1
350650,2000,0
350660,2000,0
350670,2000,0
350680,2000,0
350690,2000,0
350700,2000,0
350710,2000,0
350720,2000,0
350730,2000,0
350740,2000,0
350750,2000,0
350760,2000,1
350770,2000,1
350780,2000,1
350790,2000,0
350800,2000,0
350810,2000,0
350820,2000,1
350830,2000,0
350840,2000,0
350850,2000,1
350860,2000,1
350870,2000,1
350880,2000,1
350890,2000,0
350900,2000,1
350910,2000,1
350920,2000,1
350930,2000,0
350940,2000,1
350950,2000,1
350960,2000,0
350970,2000,0
350980,2000,0
350990,2000,0
351000,2000,0
351010,2000,0
351020,2000,1
351030,2000,0
351040,2000,0
351050,2000,1
351060,2000,0
351070,2000,0
351080,2000,0
351090,2000,0
351100,2000,0
351110,2000,1
351120,2000,0
351130,2000,0
351140,2000,0
351150,2000,1
351160,2000,0
351170,2000,0
351190,2000,1
351200,2000,0
351210,2000,1
351220,2000,0
351230,2000,1
351240,2000,1
351250,2000,1
351260,2000,0
351270,2000,0
351280,2000,1
351290,2000,0
351300,2000,0
351310,2000,0
351320,2000,1
351330,2000,0
351340,2000,1
351350,2000,1
351360,2000,1
351370,2000,1
351380,2000,1
351390,2000,0
351400,2000,0
351410,2000,1
351420,2000,1
351430,2000,0
351440,2000,0
351450,2000,0
351460,2000,1
351470,2000,0
351480,2000,1
351490,2000,1
351500,2000,1
351510,2000,0
351518,2000,1
351520,2000,0
351530,2000,0
351540,2000,0
351550,2000,0
351560,2000,0
351570,2000,0
351580,2000,0
351590,2000,0
351600,2000,1
351610,2000,1
351620,2000,1
351630,2000,1
351640,2000,1
351650,2000,1
351660,2000,0
351670,2000,0
351680,2000,0
351690,2000,0
351700,2000,0
351710,2000,1
351720,2000,0
351730,2000,0
351740,2000,0
351750,2000,1
351760,2000,1
351770,2000,1
351780,2000,1
351790,2000,0
351800,2000,1
351810,2000,0
351820,2000,1
351830,2000,0
351840,2000,1
351850,2000,0
351860,2000,0
351870,2000,0
351880,2000,1
351890,2000,1
351900,2000,1
351910,2000,0
351920,2000,1
351930,2000,1
351940,2000,1
351950,2000,0
351960,2000,0
351970,2000,0
351980,2000,1
351990,2000,1
352000,2000,0
352010,2000,0
352020,2000,1
352040,2000,1
352050,2000,1
352060,2000,1
352070,2000,0
352080,2000,0
352090,2000,0
352100,2000,1
352110,2000,1
352120,2000,1
352130,2000,0
352140,2000,1
352150,2000,1
352160,2000,1
352170,2000,1
352180,2000,0
352190,2000,0
352200,2000,0
352210,2000,1
352220,2000,1
352230,2000,1
352240,2000,1
352250,2000,0
352260,2000,1
352270,2000,0
352280,2000,0
352290,2000,1
352300,2000,0
352310,2000,1
352320,2000,1
352330,2000,1
352340,2000,0
352350,2000,0
352360,2000,1
352370,2000,0
352380,2000,1
352390,2000,1
352400,2000,0
352410,2000,1
352420,2000,0
352430,2000,1
352440,2000,1
352450,2000,0
352460,2000,1
352480,2000,0
352490,2000,1
352500,2000,1
352510,2000,1
352520,2000,0
352530,2000,0
352540,2000,1
352550,2000,0
352560,2000,1
352570,2000,0
352580,2000,1
352590,2000,0
352600,2000,0
352610,2000,1
352620,2000,1
352630,2000,0
352640,2000,0
352650,2000,1
352660,2000,1
352670,2000,1
352680,2000,0
352690,2000,0
352700,2000,0
352710,2000,0
352720,2000,1
352730,2000,0
352740,2000,0
352750,2000,0
352760,2000,1
352770,2000,1
352780,2000,1
352790,2000,0
352800,2000,1
352810,2000,0
352820,2000,0
352830,2000,0
352840,2000,1
352850,2000,1
352860,2000,0
352870,2000,1
352880,2000,0
352890,2000,0
352900,2000,1
352910,2000,1
352920,2000,1
352930,2000,0
352940,2000,1
352950,2000,1
352960,2000,0
352970,2000,1
352980,2000,0
352990,2000,1
353000,2000,0
353010,2000,1
353020,2000,1
353030,2000,1
353040,2000,0
353050,2000,1
353060,2000,0
353070,2000,0
353080,2000,1
353090,2000,1
353100,2000,0
353110,2000,0
353120,2000,1
353130,2000,0
353140,2000,1
353150,2000,0
353160,2000,1
353170,2000,1
353180,2000,0
353190,2000,1
353200,2000,0
353210,2000,1
353220,2000,1
353230,2000,0
353240,2000,0
353250,2000,0
353260,2000,0
353270,2000,0
353280,2000,0
353290,2000,0
353300,2000,0
353310,2000,1
353320,2000,1
353330,2000,1
353340,2000,0
353350,2000,1
353360,2000,0
353370,2000,0
353380,2000,0
353390,2000,0
353400,2000,0
353410,2000,0
353420,2000,0
353430,2000,1
353440,2000,1
353450,2000,1
353460,2000,0
353470,2000,1
353480,2000,1
353490,2000,0
353500,2000,0
353510,2000,0
353520,2000,0
353530,2000,1
353540,2000,0
353550,2000,1
353560,2000,1
353570,2000,0
353580,2000,1
353590,2000,1
353600,2000,0
353610,2000,0
353620,2000,1
353630,2000,0
353640,2000,0
353650,2000,0
353660,2000,0
353670,2000,0
353680,2000,0
353690,2000,0
353700,2000,0
353710,2000,1
353720,2000,1
353730,2000,1
353740,2000,0
353750,2000,0
353760,2000,0
353770,2000,1
353780,2000,1
353790,2000,0
353800,2000,1
353810,2000,0
353820,2000,0
353830,2000,1
353850,2000,0
353860,2000,0
353870,2000,1
353880,2000,1
353890,2000,0
353900,2000,0
353910,2000,1
353920,2000,1
353930,2000,0
353940,2000,0
353950,2000,1
353960,2000,1
353970,2000,0
353980,2000,1
353990,2000,0
354000,2000,1
354010,2000,0
354020,2000,0
354030,2000,0
354040,2000,0
354050,2000,0
354060,2000,1
354070,2000,0
354080,2000,1
354090,2000,1
354100,2000,0
354110,2000,0
354120,2000,1
354130,2000,1
354140,2000,1
354150,2000,1
354160,2000,0
354170,2000,1
354180,2000,0
354190,2000,1
354200,2000,1
354210,2000,0
354220,2000,1
354230,2000,1
354240,2000,0
354250,2000,0
354260,2000,1
354270,2000,1
354280,2000,1
354290,2000,0
354300,2000,1
354310,2000,1
354320,2000,0
354330,2000,0
354340,2000,1
354350,2000,0
354360,2000,0
354370,2000,0
354380,2000,0
354390,2000,1
354400,2000,0
354410,2000,0
354420,2000,0
354430,2000,0
354440,2000,1
354450,2000,1
354460,2000,0
354470,2000,0
354480,2000,0
354490,2000,1
354500,2000,0
354510,2000,0
354520,2000,0
354530,2000,1
354540,2000,0
354550,2000,1
354560,2000,0
354570,2000,0
354580,2000,0
354600,2000,1
354610,2000,0
354620,2000,0
354630,2000,1
354640,2000,0
354650,2000,0
354660,2000,1
354670,2000,1
354680,2000,1
354690,2000,0
354700,2000,0
354710,2000,1
354720,2000,0
354730,2000,1
354740,2000,1
354750,2000,0
354760,2000,0
354770,2000,1
354780,2000,1
354790,2000,0
354810,2000,0
354820,2000,1
354830,2000,1
354840,2000,1
354850,2000,1
354860,2000,0
354870,2000,1
354880,2000,1
354890,2000,1
354900,2000,1
354910,2000,0
354920,2000,0
354930,2000,0
354940,2000,0
354950,2000,0
354960,2000,0
354970,2000,0
354980,2000,1
354990,2000,0
355000,2000,1
355010,2000,1
355020,2000,0
355030,2000,1
355040,2000,0
355050,2000,0
355060,2000,0
355070,2000,1
355080,2000,1
355090,2000,0
355100,2000,1
355110,2000,0
355120,2000,0
355130,2000,0
355140,2000,1
355150,2000,1
355160,2000,0
355170,2000,0
355180,2000,1
355190,2000,0
355200,2000,1
355210,2000,0
355220,2000,1
355230,2000,1
355240,2000,0
355250,2000,0
355260,2000,0
355270,2000,1
355280,2000,1
355290,2000,0
355300,2000,0
355310,2000,1
355320,2000,1
355330,2000,1
355340,2000,0
355350,2000,0
355360,2000,1
355370,2000,1
355380,2000,0
355390,2000,1
355400,2000,0
355410,2000,1
355420,2000,0
355430,2000,0
355440,2000,0
355450,2000,1
355460,2000,1
355470,2000,0
355480,2000,1
355490,2000,0
355500,2000,0
355510,2000,1
355520,2000,1
355530,2000,1
355540,2000,1
355550,2000,0
355560,2000,0
355570,2000,0
355580,2000,0
355590,2000,0
355600,2000,1
355610,2000,1
355620,2000,0
355630,2000,1
355640,2000,0
355645,2000,0
355650,2000,0
355660,2000,0
355670,2000,0
355680,2000,1
355690,2000,0
355700,2000,1
355710,2000,0
355720,2000,0
410010,2000,1
410020,2000,0
410030,2000,1
410040,2000,1
410045,2000,0
410050,2000,0
410060,2000,1
410070,2000,1
410080,2000,1
410090,2000,1
410100,2000,1
410110,2000,0
410120,2000,0
410130,2000,0
410140,2000,1
410150,2000,1
410160,2000,1
410170,2000,0
410180,2000,0
410190,2000,0
410200,2000,0
410210,2000,1
410220,2000,0
410230,2000,0
410240,2000,1
410250,2000,0
410260,2000,1
410270,2000,1
410280,2000,1
410290,2000,0
410300,2000,0
410305,2000,1
410310,2000,0
410320,2000,1
410330,2000,0
410335,2000,1
410340,2000,1
410345,2000,1
410350,2000,1
410360,2000,0
410370,2000,1
410380,2000,1
410390,2000,1
410400,2000,0
410405,2000,0
410410,2000,1
410420,2000,1
410430,2000,1
410440,2000,1
410445,2000,0
410450,2000,1
410460,2000,0
410470,2000,0
410480,2000,1
410490,2000,1
410500,2000,0
410510,2000,1
410520,2000,1
410530,2000,1
410540,2000,1
410550,2000,0
410560,2000,1
410570,2000,1
410580,2000,1
410590,2000,1
410600,2000,1
410610,2000,1
410620,2000,1
410630,2000,1
410640,2000,1
410650,2000,1
410655,2000,0
410660,2000,1
410670,2000,0
410680,2000,0
410690,2000,1
410700,2000,1
410710,2000,0
410715,2000,1
410720,2000,1
410725,2000,1
410730,2000,0
410750,2000,0
410760,2000,1
410770,2000,0
410775,2000,0
410780,2000,0
410790,2000,1
410800,2000,1
410810,2000,1
410820,2000,1
410830,2000,1
410832,2000,0
410840,2000,1
410850,2000,0
410855,2000,0
410860,2000,1
410870,2000,0
410880,2000,0
410890,2000,1
410900,2000,0
410910,2000,1
410920,2000,1
410930,2000,1
410940,2000,1
410950,2000,1
410960,2000,0
410970,2000,1
410975,2000,0
410980,2000,1
410990,2000,1
411000,2000,0
411010,2000,1
411020,2000,1
411030,2000,1
411040,2000,1
411050,2000,0
411060,2000,1
411070,2000,0
411080,2000,0
411090,2000,0
411100,2000,1
411110,2000,1
411120,2000,1
411130,2000,1
411140,2000,1
411150,2000,1
411160,2000,0
411170,2000,1
411180,2000,1
411190,2000,1
411200,2000,1
411210,2000,1
411220,2000,1
411230,2000,1
411240,2000,1
411250,2000,1
411260,2000,1
411270,2000,1
411275,2000,1
411280,2000,1
411290,2000,0
411295,2000,0
411300,2000,1
411310,2000,1
411320,2000,0
411330,2000,1
411340,2000,0
411345,2000,0
411350,2000,1
411360,2000,1
411370,2000,1
411373,2000,1
411375,2000,1
411380,2000,1
411390,2000,0
411400,2000,1
411410,2000,1
411420,2000,1
411430,2000,0
411440,2000,1
411450,2000,1
411460,2000,1
411470,2000,1
411480,2000,0
411490,2000,1
411500,2000,0
411510,2000,1
411520,2000,1
411530,2000,0
411550,2000,1
411560,2000,1
411570,2000,1
411580,2000,1
411590,2000,0
411600,2000,1
411605,2000,0
411610,2000,0
411620,2000,0
411630,2000,1
411640,2000,1
411650,2000,1
411660,2000,0
411670,2000,1
411680,2000,0
411690,2000,0
411700,2000,1
411710,2000,0
411720,2000,1
411722,2000,1
411725,2000,0
411727,2000,1
411730,2000,0
411740,2000,1
411745,2000,1
411750,2000,1
411760,2000,1
411770,2000,1
411780,2000,0
411790,2000,1
411800,2000,1
411810,2000,0
411820,2000,0
411830,2000,1
411840,2000,1
411850,2000,1
411860,2000,0
411870,2000,0
411880,2000,0
411890,2000,0
411900,2000,0
411910,2000,1
411920,2000,1
411930,2000,0
411940,2000,0
411950,2000,0
411960,2000,1
411970,2000,1
411980,2000,0
412000,2000,1
412010,2000,0
412020,2000,1
412030,2000,0
412040,2000,0
412050,2000,1
412060,2000,0
412070,2000,1
412080,2000,0
412090,2000,0
412100,2000,0
412110,2000,0
412120,2000,0
412130,2000,0
412140,2000,1
412150,2000,1
412160,2000,0
412170,2000,0
412180,2000,0
412190,2000,0
412200,2000,1
412210,2000,1
412220,2000,1
412230,2000,1
412240,2000,1
412250,2000,0
412260,2000,0
412270,2000,1
412290,2000,0
412300,2000,0
412310,2000,1
412320,2000,1
412330,2000,1
412340,2000,1
412350,2000,0
412360,2000,0
412370,2000,0
412380,2000,1
412390,2000,1
412400,2000,0
412402,2000,1
412405,2000,0
412410,2000,0
412420,2000,0
412430,2000,0
412440,2000,0
412450,2000,0
412460,2000,1
412470,2000,1
412480,2000,1
412490,2000,0
412500,2000,1
412510,2000,0
412520,2000,1
412530,2000,1
412535,2000,1
412540,2000,0
412545,2000,1
412550,2000,0
412560,2000,0
412570,2000,0
412580,2000,1
412590,2000,0
412600,2000,1
412610,2000,1
412620,2000,0
412625,2000,0
412630,2000,0
412640,2000,0
412650,2000,1
412660,2000,1
412665,2000,0
412670,2000,1
412680,2000,1
412690,2000,1
412700,2000,1
412720,2000,1
412730,2000,1
412740,2000,0
412750,2000,0
412760,2000,0
412770,2000,1
412780,2000,1
412785,2000,0
412790,2000,1
412795,2000,1
412796,2000,1
412800,2000,0
412810,2000,1
412820,2000,1
412830,2000,0
412840,2000,0
412850,2000,1
412855,2000,0
412860,2000,1
412870,2000,1
412880,2000,0
420005,2000,1
420020,2000,0
420030,2000,0
420040,2000,0
420050,2000,0
420060,2000,1
420070,2000,1
420090,2000,1
420110,2000,1
420120,2000,1
420125,2000,0
420140,2000,1
420150,2000,1
420160,2000,1
420170,2000,0
420180,2000,0
420190,2000,0
420200,2000,1
420210,2000,0
420220,2000,0
420230,2000,0
420240,2000,1
420250,2000,1
420260,2000,0
420270,2000,0
420280,2000,0
420290,2000,0
420300,2000,0
420310,2000,1
420320,2000,1
420330,2000,0
420340,2000,0
420360,2000,1
420370,2000,1
420380,2000,1
420390,2000,0
420400,2000,0
420410,2000,0
420415,2000,0
420420,2000,1
420430,2000,0
420440,2000,1
420450,2000,0
420455,2000,1
420460,2000,1
420470,2000,0
420480,2000,1
420500,2000,1
420510,2000,1
420515,2000,1
420520,2000,0
420530,2000,1
420540,2000,1
420545,2000,0
420550,2000,1
420560,2000,1
420570,2000,1
420580,2000,1
420590,2000,1
420600,2000,1
420610,2000,0
420620,2000,1
420630,2000,0
420650,2000,0
420660,2000,0
420670,2000,1
420680,2000,0
420690,2000,1
420700,2000,1
420710,2000,1
420720,2000,1
420730,2000,1
420740,2000,0
420750,2000,0
420760,2000,0
420765,2000,0
420770,2000,0
420775,2000,0
420780,2000,0
420790,2000,0
420810,2000,1
420820,2000,1
420830,2000,1
420845,2000,1
420850,2000,0
420860,2000,1
420870,2000,1
420880,2000,0
420890,2000,1
420900,2000,0
420910,2000,1
420915,2000,1
420920,2000,0
420930,2000,0
420940,2000,1
420950,2000,0
420960,2000,1
420970,2000,0
420980,2000,1
420985,2000,1
420990,2000,1
421000,2000,1
421010,2000,0
421020,2000,1
421030,2000,0
421040,2000,1
421060,2000,0
421070,2000,0
421080,2000,1
421100,2000,0
421110,2000,0
421120,2000,0
421130,2000,1
421140,2000,1
421150,2000,1
421160,2000,0
421170,2000,0
421175,2000,0
421180,2000,0
421190,2000,0
421200,2000,1
421210,2000,0
421220,2000,0
421230,2000,1
421240,2000,0
421250,2000,0
421260,2000,0
421270,2000,0
421280,2000,1
421290,2000,1
421300,2000,0
421310,2000,0
421320,2000,1
421330,2000,0
421340,2000,1
421350,2000,0
421360,2000,0
421370,2000,0
421380,2000,0
421390,2000,1
421400,2000,1
421410,2000,1
421420,2000,1
421430,2000,1
421440,2000,0
421450,2000,0
421460,2000,0
421470,2000,1
421480,2000,1
421490,2000,1
421500,2000,0
421510,2000,0
421530,2000,0
421540,2000,1
421550,2000,0
421560,2000,1
421565,2000,1
421570,2000,1
421580,2000,1
421590,2000,1
421600,2000,0
421610,2000,1
421620,2000,0
421630,2000,1
421640,2000,0
421650,2000,1
421660,2000,0
421670,2000,0
421680,2000,1
421690,2000,1
421700,2000,0
421710,2000,1
421720,2000,1
421740,2000,0
421750,2000,1
421755,2000,0
421760,2000,1
421770,2000,1
421780,2000,0
421790,2000,0
421800,2000,1
421810,2000,1
421820,2000,1
421825,2000,1
421830,2000,0
421840,2000,0
421850,2000,1
421860,2000,0
421870,2000,1
421880,2000,1
421890,2000,0
421895,2000,0
421900,2000,0
421910,2000,1
421920,2000,0
421930,2000,0
421935,2000,0
421940,2000,1
421950,2000,0
421960,2000,0
421970,2000,1
430010,2000,0
430020,2000,0
430040,2000,1
430045,2000,0
430050,2000,0
430055,2000,1
430060,2000,1
430063,2000,0
430066,2000,0
430080,2000,0
430090,2000,0
430100,2000,0
430105,2000,1
430110,2000,0
430120,2000,0
430130,2000,0
430140,2000,0
430155,2000,1
430160,2000,0
430180,2000,0
430230,2000,0
430235,2000,1
430240,2000,0
430245,2000,0
430250,2000,0
430260,2000,0
430270,2000,0
430280,2000,1
430290,2000,0
430300,2000,1
430310,2000,0
430330,2000,0
430340,2000,0
430355,2000,0
430360,2000,0
430380,2000,0
430390,2000,0
430410,2000,0
430430,2000,0
430440,2000,1
430450,2000,1
430460,2000,0
430463,2000,0
430466,2000,0
430468,2000,0
430480,2000,0
430490,2000,0
430495,2000,0
430500,2000,0
430510,2000,0
430520,2000,0
430535,2000,1
430560,2000,0
430570,2000,0
430580,2000,0
430590,2000,1
430595,2000,0
430600,2000,0
430605,2000,0
430610,2000,1
430635,2000,0
430645,2000,0
430660,2000,0
430670,2000,1
430673,2000,0
430676,2000,0
430680,2000,1
430690,2000,0
430693,2000,0
430695,2000,1
430697,2000,0
430700,2000,1
430705,2000,0
430710,2000,0
430720,2000,0
430730,2000,0
430750,2000,0
430755,2000,0
430760,2000,0
430770,2000,1
430780,2000,0
430783,2000,1
430786,2000,0
430790,2000,1
430800,2000,0
430805,2000,0
430820,2000,0
430830,2000,0
430840,2000,1
430845,2000,0
430850,2000,0
430870,2000,0
430890,2000,1
430900,2000,1
430905,2000,0
430910,2000,0
430920,2000,0
430925,2000,0
430940,2000,0
430955,2000,0
430960,2000,0
430975,2000,0
430980,2000,0
430995,2000,0
431000,2000,0
431010,2000,0
431020,2000,1
431030,2000,1
431033,2000,0
431036,2000,0
431040,2000,0
431043,2000,0
431046,2000,1
431055,2000,0
431060,2000,0
431070,2000,0
431075,2000,0
431090,2000,0
431100,2000,0
431110,2000,0
431112,2000,0
431115,2000,0
431120,2000,0
431125,2000,0
431150,2000,0
431160,2000,0
431170,2000,1
431190,2000,0
431200,2000,1
431210,2000,0
431220,2000,0
431230,2000,0
431235,2000,0
431240,2000,0
431245,2000,0
431250,2000,0
431260,2000,0
431270,2000,0
431275,2000,0
431280,2000,0
431290,2000,0
431303,2000,0
431330,2000,0
431335,2000,0
431340,2000,0
431350,2000,1
431360,2000,0
431365,2000,0
431370,2000,0
431380,2000,0
431390,2000,0
431395,2000,0
431400,2000,0
431402,2000,0
431405,2000,0
431410,2000,1
431415,2000,0
431420,2000,1
431430,2000,1
431440,2000,0
431445,2000,1
431455,2000,0
431460,2000,1
431475,2000,0
431480,2000,0
431490,2000,1
431510,2000,0
431513,2000,0
431515,2000,0
431517,2000,0
431520,2000,0
431530,2000,0
431535,2000,0
431540,2000,0
431545,2000,0
431550,2000,1
431560,2000,0
431570,2000,0
431575,2000,0
431600,2000,0
431620,2000,0
431630,2000,0
431640,2000,0
431643,2000,0
431645,2000,0
431650,2000,1
431660,2000,1
431670,2000,0
431680,2000,1
431690,2000,0
431700,2000,0
431710,2000,0
431720,2000,1
431730,2000,1
431740,2000,0
431750,2000,0
431760,2000,1
431780,2000,1
431790,2000,0
431800,2000,0
431805,2000,0
431820,2000,0
431830,2000,0
431840,2000,0
431842,2000,0
431844,2000,1
431846,2000,0
431850,2000,0
431860,2000,0
431870,2000,1
431890,2000,0
431900,2000,1
431915,2000,0
431920,2000,0
431930,2000,0
431940,2000,0
431950,2000,0
431970,2000,1
431975,2000,0
431980,2000,0
431990,2000,0
432000,2000,0
432023,2000,1
432026,2000,0
432030,2000,0
432040,2000,0
432060,2000,0
432065,2000,1
432070,2000,0
432080,2000,0
432120,2000,0
432130,2000,0
432132,2000,1
432135,2000,0
432140,2000,0
432143,2000,1
432150,2000,1
432160,2000,0
432163,2000,1
432166,2000,0
432170,2000,0
432180,2000,0
432185,2000,1
432190,2000,1
432195,2000,1
432200,2000,0
432215,2000,1
432220,2000,1
432225,2000,0
432230,2000,0
432240,2000,0
432250,2000,0
432255,2000,1
432260,2000,0
432270,2000,0
432280,2000,0
432290,2000,0
432300,2000,0
432310,2000,0
432320,2000,0
432330,2000,1
432340,2000,0
432350,2000,1
432360,2000,0
432370,2000,0
500020,2000,0
500060,2000,1
500070,2000,0
500080,2000,1
500085,2000,1
500090,2000,1
500100,2000,1
500110,2000,0
500124,2000,0
500150,2000,0
500190,2000,1
500200,2000,1
500210,2000,1
500215,2000,0
500220,2000,1
500230,2000,1
500240,2000,1
500260,2000,0
500270,2000,1
500280,2000,0
500290,2000,1
500295,2000,1
500310,2000,1
500315,2000,0
500320,2000,1
500325,2000,1
500330,2000,1
500345,2000,0
500348,2000,0
500350,2000,0
500370,2000,1
500375,2000,0
500380,2000,0
500400,2000,0
500410,2000,0
500430,2000,0
500440,2000,0
500450,2000,1
500460,2000,0
500470,2000,0
500490,2000,0
500500,2000,0
500510,2000,0
500515,2000,0
500520,2000,0
500540,2000,0
500560,2000,0
500568,2000,0
500570,2000,1
500580,2000,1
500620,2000,1
500630,2000,0
500635,2000,1
500640,2000,1
500660,2000,1
500690,2000,0
500710,2000,1
500720,2000,0
500730,2000,1
500740,2000,1
500750,2000,1
500755,2000,0
500769,2000,1
500770,2000,0
500780,2000,1
500793,2000,1
500795,2000,0
500797,2000,0
500800,2000,0
500830,2000,1
500840,2000,0
510010,2000,0
510020,2000,1
510030,2000,1
510040,2000,1
510050,2000,0
510060,2000,1
510100,2000,1
510120,2000,0
510125,2000,1
510130,2000,1
510140,2000,0
510160,2000,0
510180,2000,1
510190,2000,0
510250,2000,1
510260,2000,0
510263,2000,1
510267,2000,1
510285,2000,0
510300,2000,1
510310,2000,0
510320,2000,0
510340,2000,1
510345,2000,1
510350,2000,1
510380,2000,0
510390,2000,1
510410,2000,0
510420,2000,0
510450,2000,1
510455,2000,0
510460,2000,0
510480,2000,1
510490,2000,1
510500,2000,1
510515,2000,0
510517,2000,1
510520,2000,1
510525,2000,1
510530,2000,0
510550,2000,0
510560,2000,1
510590,2000,1
510600,2000,1
510610,2000,1
510621,2000,1
510622,2000,1
510623,2000,1
510625,2000,1
510627,2000,1
510628,2000,0
510629,2000,0
510630,2000,0
510637,2000,1
510650,2000,1
510670,2000,0
510675,2000,0
510680,2000,0
510682,2000,0
510700,2000,1
510704,2000,1
510710,2000,1
510715,2000,1
510730,2000,1
510770,2000,0
510775,2000,1
510777,2000,0
510780,2000,0
510785,2000,1
510790,2000,0
510795,2000,0
510800,2000,0
510810,2000,1
510820,2000,1
510840,2000,1
510850,2000,0
510860,2000,1
520010,2000,1
520013,2000,1
520015,2000,0
520017,2000,0
520020,2000,0
520030,2000,0
520050,2000,1
520060,2000,1
520080,2000,0
520085,2000,0
520090,2000,0
520110,2000,0
520120,2000,1
520130,2000,0
520140,2000,1
520150,2000,1
520160,2000,1
520170,2000,1
520215,2000,0
520235,2000,0
520250,2000,0
520260,2000,1
520280,2000,0
520310,2000,1
520320,2000,0
520330,2000,0
520340,2000,0
520350,2000,1
520355,2000,1
520360,2000,1
520380,2000,1
520390,2000,0
520400,2000,0
520410,2000,1
520420,2000,0
520425,2000,1
520430,2000,0
520440,2000,1
520450,2000,0
520460,2000,1
520465,2000,0
520470,2000,1
520480,2000,0
520490,2000,1
520495,2000,0
520500,2000,1
520510,2000,1
520520,2000,0
520530,2000,1
520540,2000,1
520545,2000,1
520552,2000,1
520570,2000,0
520580,2000,1
520590,2000,0
520620,2000,1
520630,2000,0
520640,2000,1
520650,2000,1
520660,2000,1
520670,2000,1
520680,2000,1
520690,2000,0
520710,2000,1
520725,2000,1
520735,2000,1
520740,2000,1
520750,2000,0
520753,2000,0
520760,2000,0
520780,2000,1
520790,2000,0
520800,2000,1
520810,2000,0
520830,2000,1
520840,2000,1
520850,2000,0
520860,2000,0
520870,2000,1
520880,2000,1
520890,2000,1
520910,2000,1
520915,2000,0
520940,2000,0
520945,2000,0
520960,2000,0
520970,2000,0
520980,2000,0
520990,2000,1
520995,2000,1
521000,2000,1
521010,2000,0
521020,2000,0
521030,2000,0
521040,2000,0
521056,2000,1
521060,2000,1
521080,2000,1
521090,2000,0
521100,2000,0
521120,2000,1
521130,2000,0
521140,2000,0
521150,2000,1
521160,2000,0
521170,2000,0
521180,2000,0
521190,2000,0
521200,2000,0
521210,2000,1
521220,2000,0
521230,2000,1
521250,2000,1
521260,2000,0
521270,2000,1
521280,2000,0
521290,2000,0
521295,2000,1
521300,2000,0
521305,2000,1
521308,2000,1
521310,2000,0
521340,2000,0
521350,2000,1
521370,2000,0
521375,2000,1
521380,2000,0
521385,2000,1
521390,2000,1
521400,2000,0
521405,2000,1
521410,2000,0
521440,2000,0
521450,2000,0
521460,2000,1
521470,2000,1
521480,2000,1
521483,2000,1
521486,2000,1
521490,2000,1
521500,2000,1
521520,2000,0
521525,2000,0
521530,2000,0
521540,2000,0
521550,2000,0
521560,2000,1
521565,2000,0
521570,2000,1
521580,2000,1
521590,2000,1
521600,2000,0
521630,2000,0
521640,2000,1
521680,2000,1
521690,2000,1
521710,2000,1
521720,2000,1
521730,2000,0
521740,2000,1
521760,2000,1
521770,2000,1
521800,2000,0
521810,2000,1
521830,2000,0
521850,2000,1
521860,2000,0
521870,2000,0
521878,2000,0
521880,2000,1
521890,2000,0
521900,2000,1
521910,2000,1
521920,2000,0
521925,2000,1
521930,2000,0
521935,2000,0
521940,2000,1
521950,2000,1
521960,2000,0
521970,2000,0
521975,2000,1
521980,2000,0
521990,2000,1
522000,2000,1
522005,2000,1
522010,2000,1
522020,2000,0
522026,2000,0
522040,2000,1
522045,2000,1
522050,2000,0
522060,2000,0
522068,2000,1
522070,2000,1
522100,2000,1
522108,2000,1
522130,2000,0
522145,2000,0
522150,2000,0
522155,2000,0
522160,2000,0
522170,2000,1
522180,2000,0
522190,2000,1
522200,2000,0
522205,2000,1
530010,2000,1
